"train_SR","test_SR","portsN","V1","V2","V3","V4","V5","V6","V7","V8","V9","V10","V11","V12","V13","V14","V15","V16","V17","V18","V19","V20","V21","V22","V23","V24","V25","V26","V27","V28","V29","V30","V31","V32","V33","V34","V35","V36","V37","V38","V39","V40","V41","V42","V43","V44","V45","V46","V47","V48","V49","V50","V51","V52","V53","V54","V55","V56","V57","V58","V59","V60","V61","V62","V63","V64"
0.378349705120999,0.437632712046332,5,0,0,0,0,0,0.429057585502281,0,0,0.659162872186865,0.227953847182751,0,0,0,0,0,0,0,0,0,-0.719461807237803,0,0,0,0,0,0,0,0,0,0,0,0,0,0,0,0,0,0,0,0,0,0,0,0,0,0,0,0,0,0,0,0,0,0,0,0,0,0,0,0,0.403287502365906,0,0,0
0.379144413034871,0.438604722940901,6,0,0,0,0,0,0.429949576985703,0,0,0.658191892036802,0.228525190756369,0,0,0,0,0,0,0,0,0,-0.723435781570137,0,0,0,0,0,0.00337686671618154,0,0,0,0,0,0,0,0,0,0,0,0,0,0,0,0,0,0,0,0,0,0,0,0,0,0,0,0,0,0,0,0,0,0,0.403392255075082,0,0,0
0.425149995241295,0.476673231251353,7,0,0,0,0,0,0.479329555423974,0,0,0.627875413413549,0.256608835896057,0,0,0,0,0,0,0,0,0,-0.765765873299909,0,0,0,-0.190444015603942,0,0.170538018213875,0,0,0,0,0,0,0,0,0,0,0,0,0,0,0,0,0,0,0,0,0,0,0,0,0,0,0,0,0,0,0,0,0,0,0.421858065956395,0,0,0
0.444986080740791,0.48983468996033,8,0,0,0,0,0,0.499227946751069,0,0,0.612482313904829,0.265628719185883,0,0,0,0,0,0,0,0,0,-0.778881280793496,0,0,0,-0.275733252271195,0,0.231244311353463,0,0,0,0,0,0,0,0,0,0,0,0,0,0,0,0,0,0,0,0,0,0,0,0,0,0,0,0,0,0,0.0281452864838682,0,0,0,0.417885955385578,0,0,0
0.475860242216953,0.507658414490868,9,0,0,0,0,0,0.525278832058878,0,0,0.578889373214967,0.27862739214741,0,0,0,0,0,0,0,0,0,-0.784755597426604,0,0,0,-0.413212011351247,0,0.31321227837496,0,0,0,0,0,0,0,0,0,0,0,0,0,0,0,0,0,0,0,0,0,0,0,0,0,0,0,0,0,0,0.053020491478866,0,0,0,0.396105201781129,0.0528340397216415,0,0
0.47957397871312,0.509769515887953,10,0,0,0,-0.00630815877225833,0,0.530090995012403,0,0,0.576804065299344,0.280649037856466,0,0,0,0,0,0,0,0,0,-0.783536052049375,0,0,0,-0.426173239011342,0,0.321965462499865,0,0,0,0,0,0,0,0,0,0,0,0,0,0,0,0,0,0,0,0,0,0,0,0,0,0,0,0,0,0,0.0553704057021456,0,0,0,0.393046030108671,0.0580914533540819,0,0
0.496537951334802,0.516499845675538,11,0,0,0,-0.031646840970703,0,0.548265623134709,0,0,0.566706376744221,0.286684150110221,0,0,0,0,0,0,0,0,0,-0.784155946980113,0,0,0,-0.48841129766472,0,0.345205100950053,0,0,0,0.0343066609928817,0,0,0,0,0,0,0,0,0,0,0,0,0,0,0,0,0,0,0,0,0,0,0,0,0,0,0.0653372233184256,0,0,0,0.378754744512307,0.0789542058527181,0,0
0.507450908634404,0.518808139236972,12,0,0,0,-0.0439280092728732,0,0.562704698861514,0,0,0.563569009859786,0.290934093147957,0,0,0,0,0,0,0,0,-0.0239838383510729,-0.782192836686702,0,0,0,-0.516747071181965,0,0.360636226564765,0,0,0,0.0552468153874838,0,0,0,0,0,0,0,0,0,0,0,0,0,0,0,0,0,0,0,0,0,0,0,0,0,0,0.073211788625268,0,0,0,0.371749340048113,0.0887997829977257,0,0
0.52534534992284,0.521516754489828,13,0,0,0,-0.0623890734277514,0,0.58265806629647,0,0,0.558319019464771,0.296381527909573,0,0,0,0,0,0,0,0,-0.0596822186685569,-0.775005728412403,0,0,0,-0.553983142905127,0,0.389116789268876,0,0,0,0.0906937830988458,0,0,0,0,0,-0.0226311077729693,0,0,0,0,0,0,0,0,0,0,0,0,0,0,0,0,0,0,0,0,0.086471288053961,0,0,0,0.360818121268021,0.109232675826289,0,0
0.581590572671516,0.522775935761758,14,0,0,-0.100220462343924,-0.104218855966127,0,0.667003609913853,0,0,0.556421465977907,0.316242394678869,0,0,0,0,0,0,0,0,-0.17165790870344,-0.731769490385957,0,0,0,-0.656151795433444,0,0.486966311895297,0,0,0,0.214851382530411,0,0,0,0,0,-0.10770934138352,0,0,0,0,0,0,0,0,0,0,0,0,0,0,0,0,0,0,0,0,0.126902217602921,0,0,0,0.332633617857043,0.170706853760111,0,0
0.582442593596135,0.522648492072747,15,0,0,-0.101861518324227,-0.104765491577441,0,0.668220387049446,0,0,0.556316840929911,0.316609406971044,0,0,0,0,0,0,0,0,-0.17358262546934,-0.7311050503064,0,0,0,-0.657873345864398,0,0.488056154089683,0,0,0,0.216769323369179,0,0,0,0,0.00170919782852303,-0.109410561950627,0,0,0,0,0,0,0,0,0,0,0,0,0,0,0,0,0,0,0,0,0.127105611582597,0,0,0,0.332332264364409,0.171479407307639,0,0
0.613644590591896,0.516954302037273,16,0,0,-0.167278771804601,-0.13063378709553,0,0.707539922161883,0,0,0.542678361274463,0.323401959155685,0,0,0,0,0.0523600510175338,0,0,0,-0.2463886119828,-0.703046176641235,0,0,0,-0.735828372517465,0,0.524984269708925,0,0,0,0.286674284560944,0,0,0,0,0.0603501803144619,-0.175258468597987,0,0,0,0,0,0,0,0,0,0,0,0,0,0,0,0,0,0,0,0,0.137811505154613,0,0,0,0.319943316260784,0.202690339030325,0,0
0.617928370451028,0.513399178661614,17,0,0,-0.172571691665034,-0.129936782358043,0,0.709196978116303,0,0,0.541219599569477,0.326117149622738,0,0,0,0,0.0585879800583997,0,-0.0260442022569445,0,-0.250613078857762,-0.695408063551013,0,0,0,-0.74078248032147,0,0.532654597813877,0,0,0,0.297059388584832,0,0,0,0,0.0675079187210788,-0.181774789663707,0,0,0,0,0,0,0,0,0,0,0,0,0,0,0,0,0,0,0,0,0.139601565124867,0,0,0,0.319114000002702,0.206071911059699,0,0
0.630113152281821,0.503528244422052,18,0,0,-0.185671719479035,-0.128540451991042,0,0.718087362553419,0,0,0.539317308883786,0.333619262190651,0,0,0,0,0.0785989151030875,0,-0.0783911909664384,-0.0444836299492691,-0.258624923463504,-0.675653244496801,0,0,0,-0.752042598236886,0,0.55596716986412,0,0,0,0.324539984577292,0,0,0,0,0.0890130968787224,-0.194548842267687,0,0,0,0,0,0,0,0,0,0,0,0,0,0,0,0,0,0,0,0,0.147068333472282,0,0,0,0.317834242396398,0.213910924930907,0,0
0.630526978653087,0.503166698723963,19,0,0,-0.18607563704156,-0.128457226024623,0,0.71830831178004,0,0,0.539258016855422,0.333864507817935,0,0,0,0,0.0793466848366766,0,-0.0801525556777013,-0.046071397256475,-0.258913018046856,-0.674955758222764,0,0,0,-0.752375561294494,0,0.556608850582753,0,0,0,0.325462305484271,0,0,0,0,0.089658113189297,-0.195083598515244,0,0,0,0,0,0,0,0,0,0,0,0,0,0,0,0,0,0,0.000763479050725665,0,0.147185411820793,0,0,0,0.317644271462554,0.21398479919925,0,0
0.637215951069373,0.499730576013512,20,0,0,-0.192272165467306,-0.124911897625474,0,0.715020000411788,0,0,0.535555026196184,0.336869830285733,0,0,0,0,0.0887961809972373,0,-0.108014445896287,-0.071145914891012,-0.263801053231356,-0.663436574370869,0,0.0328540755653369,0,-0.758210055548074,0,0.558904241738582,0,0,0,0.334347669737468,0,0,0,0,0.0972728968120928,-0.203579372320174,0,0,0,0,0,0,0,0,0,0,0,0,0,0,0,0,0,0,0.010169448662295,0,0.148001798605106,0,0,0,0.314965854787667,0.212614455551063,0,0
0.645597617335154,0.498737711351727,21,0,0,-0.198127326748506,-0.118735050762525,0,0.707067451413792,0,0,0.526972670558961,0.339250463808618,0,0,0,0,0.0999809311301602,0,-0.136092354972119,-0.0987599748229249,-0.266646949555713,-0.63978291643643,0,0.0728545137456632,0,-0.753938637494526,0,0.563100591764681,0,0,0,0.347452792959221,0,-0.0370645799491354,0,0,0.108158437316967,-0.208542768423166,0,0,0,0,0,0,0,0,0,0,0,0,0,0,0,0,0,0,0.0222685423580553,0,0.147283574113741,0,0,0,0.312933615403763,0.210366974591426,0,0
0.656864079399509,0.49867520417854,22,0,0,-0.205245597993688,-0.107210071954717,0,0.696926705562006,0,0,0.514105054937192,0.343417615570228,0,0,0,0,0.118351108185286,-0.019615956833393,-0.174401775055558,-0.137534600994124,-0.269122144967684,-0.603328106365175,0,0.130925743068007,0,-0.746412317769514,0,0.568496029895797,0,0,0,0.368595406160919,0,-0.0844245498041031,0,0,0.121728895284718,-0.215638456190236,0,0,0,0,0,0,0,0,0,0,0,0,0,0,0,0,0,0,0.0372314447401698,0,0.146534562567729,0,0,0,0.309864685432479,0.20675632652366,0,0
0.658897711810163,0.498457729209018,23,0,0,-0.206775512622872,-0.105040204319469,0,0.694924222353056,0,0,0.511902408471177,0.344081775403221,0,0,0,0,0.121920839559747,-0.0231560328764575,-0.182009127047372,-0.145001936222842,-0.269519703175753,-0.596283095988064,0,0.141762927040837,0,-0.745093455829742,0,0.568958047504443,0,0,0,0.372433992344267,0,-0.0935953663553085,0,0,0.124349040824217,-0.217168548274552,0,0,0,0,0.00218367334543734,0,0,0,0,0,0,0,0,0,0,0,0,0,0.0398436880724882,0,0.146089134779369,0,0,0,0.309168621039868,0.206024611974302,0,0
0.659691756156688,0.498498733695928,24,0,0,-0.207492489966731,-0.104122465518388,0,0.693357803120875,0.00349984999413652,0,0.510520198990398,0.343895899063123,0,0,0,0,0.122729497970436,-0.0245170988954366,-0.184777733684369,-0.147832386873987,-0.269326387786639,-0.594268533397964,0,0.145418603210477,0,-0.744417022735714,0,0.569277491713721,0,0,0,0.373155072926589,0,-0.0967871933005523,0,0,0.125204061400249,-0.217595309851748,0,0,0,0,0.00281116451951605,0,0,0,0,0,0,0,0,0,0,0,0,0,0.0405352932962068,0,0.145830968784339,0,0,0,0.308865687657187,0.206035029364275,0,0
0.662021731424797,0.498734649770868,25,0,0,-0.209612025795582,-0.101755205901236,0,0.689447103232115,0.0113858259572718,0,0.507304754284088,0.343292706276136,0,0,0,0,0.124326249951141,-0.0281030964252701,-0.192910372988803,-0.155552354552024,-0.269796341288186,-0.588919391507714,0,0.153861586671497,0.00928905914525605,-0.743322909861332,0,0.568688644559499,0,0,0,0.374463354657329,0,-0.105197626776674,0,0,0.127541670217183,-0.219636634492952,0,0,0,0,0.00431766162322224,0,0,0,0,0,0,0,0,0,0,0,0,0,0.0413927325103249,0,0.145163932469389,0,0,0,0.308176251378738,0.206154426656583,0,0
0.665075195526063,0.499098121863531,26,0,0,-0.211989401582752,-0.0984202594163466,0,0.685175390546739,0.021746194490836,-0.00402251866864954,0.503862791810901,0.342643321034333,0,0,0,0,0.126629731093583,-0.0321110803231937,-0.204094505656005,-0.165341025389429,-0.270361695712789,-0.581366957988873,0,0.164808980049946,0.0212090994211443,-0.741447867220478,0,0.567811056050346,0,0,0,0.376412313805875,0,-0.115303824037809,0,0,0.13028282865813,-0.222296505342587,0,0,0,0,0.00612271720608081,0,0,0,0,0,0,0,0,0,0,0,0,0,0.0427229501713209,0,0.144411194309281,0,0,0,0.306838631465898,0.206078441224496,0,0
0.672047508254914,0.499883777946686,27,0,0,-0.217454296347692,-0.0910744172576782,0,0.675936222421124,0.0453087476267331,-0.0137510546748656,0.496101759177315,0.341721309106943,0,0,0,0,0.132207198867399,-0.0407549719706084,-0.232207560106199,-0.188159992040216,-0.272325163760723,-0.5632842402057,0,0.1893657607604,0.0485694788189363,-0.737999430805102,0,0.566322409848705,0,0,0,0.379265917914852,0,-0.140094569206907,0,0,0.13731454235467,-0.228139655742568,0,0,0,0,0.00901120859173508,0,0,0,0.00862816897582678,0,0,0,0,0,0,0,0,0,0.0451092698174039,0,0.142204091270341,0,0,0,0.302876264126872,0.205303002439001,0,0
0.67207027746216,0.499888055286211,28,0,0,-0.217470325314595,-0.0910693869658878,0,0.675920975057822,0.0453457825774442,-0.0137697248289858,0.49609562858849,0.341722681976711,0,0,0,0,0.132217233835216,-0.0407646624812571,-0.23226998533052,-0.188192957460882,-0.27232658804366,-0.563242843478479,0,0.189425412603313,0.0486128346272526,-0.738010185484977,0,0.566326277917216,0,0,0,0.379279122644826,0,-0.140162141497074,0,0,0.137336090530432,-0.228149837621649,0,0,0,0,0.00904031442247662,0,0,0,0.00865602378748965,0,0,0,0,0,0,0,0,-0.000120087888631046,0.045150446177904,0,0.142219221232134,0,0,0,0.302876341749842,0.20532433866803,0,0
0.687365278506495,0.50239865493638,29,0,0,-0.227132804054812,-0.0868069639497532,0,0.664121494634113,0.0712329603932471,-0.0256248726633261,0.491469188731525,0.342186143898526,0,0,0,0,0.138222127326829,-0.0477178451822217,-0.275074318101982,-0.211431196652721,-0.273457764079528,-0.532562785475585,0,0.230719794602874,0.0785101719751518,-0.74558585271595,0,0.567370327670852,0,0,0,0.386314717232266,0,-0.187828312313656,0,0,0.151830657961605,-0.235397007337386,0,0,0,0,0.0296010027947809,0,0,0,0.0273871958958942,0,0,0,0,0,0,0,0,-0.0849661854597551,0.0666720286981217,0,0.151692801619255,0,0.0179318562537849,0,0.301388194955548,0.216935243342303,0,0
0.692878895731972,0.502812271362678,30,0,0,-0.231388600008561,-0.0855677228767481,0,0.659201348951703,0.0801495097231886,-0.0296201283340428,0.490518291278818,0.34171864676629,0,0,0,0,0.140345148168825,-0.0512289724097374,-0.290386104815466,-0.221091520760282,-0.274434930093902,-0.522194461061149,0,0.24620129598574,0.0906195188660291,-0.746910922435425,0,0.56908408066144,0,0,0,0.388550394547334,0,-0.201641355847184,0,0,0.157304582527525,-0.23829250050914,0,0,0,0,0.0360895534181295,0,0,0,0.0346214532676899,0,0,0,0,0,0,0,0,-0.113448955259327,0.0764984677672412,-0.00908030870282582,0.154615654889448,0,0.0267584806096824,0,0.301422647711215,0.22158740797349,0,0
0.704342622492412,0.502394297314423,31,0,0,-0.239513831352958,-0.0815191784443389,0,0.646595917336982,0.100101408221108,-0.0374640146482219,0.488998515269407,0.341504847480504,0,0,0,0,0.145109986573679,-0.0576657455375522,-0.323539401547274,-0.24311579432757,-0.276889921845602,-0.50207265424343,0,0.279549846893784,0.115728714583564,-0.753376155112064,0,0.571387374989401,0,0,0,0.39207827920259,0,-0.236374063111151,0,0,0.168683955242158,-0.246401138214224,0,0,0,0,0.0485932797251959,0,0,0,0.047258393930368,0,0.0243846363908984,0,0,0,0,0,0,-0.175070357678061,0.0958469624061383,-0.0295570961550806,0.160821527160001,0,0.042983474562928,0,0.299845940637543,0.233086291611277,0,0
0.716724452210331,0.502623203701694,32,0,0,-0.247102423092779,-0.0743851162852953,0,0.634684673058806,0.1205386522597,-0.0479675498111013,0.487735876816217,0.340592507952312,0,0,0,0,0.151304461474567,-0.0648007322955493,-0.359567497719814,-0.269235136234407,-0.277616135165523,-0.480381136277188,0,0.318054887761832,0.147685066947542,-0.763287489944898,0,0.572973443339287,0,0,0,0.397172560846322,0,-0.282727239286459,0,0,0.180812347805504,-0.258961599793738,0,0,0,0,0.063634419762124,0,0,0,0.0572686116771862,0,0.050239123922785,0,0,0,0,0,0,-0.245700869339951,0.117783308055896,-0.0584960685253513,0.170840588321559,0,0.0469007104078503,0,0.298543244074424,0.239358313192418,0,0.0341061960957258
0.717706668358819,0.502697375230079,33,0,0,-0.24766804064037,-0.0738031278008719,0,0.633498303450656,0.122121417626985,-0.0488754900801375,0.487708420057641,0.340286018622927,0,0,0,0,0.151630639488884,-0.0653876530431774,-0.362357836126332,-0.271329609698297,-0.27762042941282,-0.478525258207084,0,0.321080478275956,0.150215944809291,-0.764294034093009,0,0.572511825454623,0.00239439389103499,0,0,0.397351586110329,0,-0.286798575866231,0,0,0.181792202214732,-0.260057981337312,0,0,0,0,0.0648102019109069,0,0,0,0.0582080598633381,0,0.0518923283214373,0,0,0,0,0,0,-0.251822128924975,0.119813710668585,-0.0610229716477134,0.171739402561717,0,0.0473108783368938,0,0.29827229466002,0.239875279064434,0,0.0370497514879401
0.718115327317936,0.502734300758721,34,0,0,-0.247913780658471,-0.0735851057270391,0.000574589416471703,0.632918352038305,0.122732709915495,-0.0492802774235176,0.487623291295355,0.340113973272822,0,0,0,0,0.151725181320483,-0.0656892045808196,-0.363593962426525,-0.272200902964544,-0.277649742090929,-0.47775437864313,0,0.322221624675849,0.151257749604018,-0.764640082444961,0,0.572249524568232,0.00331044135175384,0,0,0.397354753520475,0,-0.288319730181946,0,0,0.182213423629017,-0.260523321703341,0,0,0,0,0.0652790743751245,0,0,0,0.0585903507371897,0,0.0525639557045375,0,0,0,0,0,0,-0.254323462211693,0.120736577415388,-0.0620539953472144,0.172093836332528,0,0.0474630959920964,0,0.29814155262992,0.240071565268743,0,0.0382923233403269
0.72379112029408,0.503144464766411,35,0,0,-0.252322902605449,-0.071017872987911,0.00819801604544334,0.623673605501287,0.130698194275063,-0.0552668518455978,0.486288816759789,0.337399687968311,0,0,0,0.00756794801727831,0.153035066992092,-0.0702854402258876,-0.381819737978046,-0.284478042992237,-0.278543618418078,-0.467075972278612,0,0.337431514343468,0.166620275359115,-0.767968909099828,0,0.567266910283634,0.0154342503873612,0,0,0.397225823890114,0,-0.309661081807191,0,0,0.18851255470495,-0.267154628952464,0,0,0,0,0.0727026931332935,0,0,0,0.0633817959541399,0,0.0605222629373113,0,0,0,0,0,0,-0.289007059437281,0.134309471186928,-0.0765347409522465,0.177127483625143,0,0.0494811865276619,0,0.296442758374837,0.242235469028461,0,0.055581074285145
0.724640899358721,0.503284801352122,36,0,0,-0.253301474996229,-0.0708504450935849,0.00921700794945685,0.622647827401566,0.131798531059067,-0.0561036888459754,0.486154678248313,0.337058043326909,0,0,0,0.00861971387706709,0.153385290185129,-0.0713310605883736,-0.383618247094451,-0.285976160820877,-0.278307516497186,-0.465590420598999,0,0.340005341234583,0.168695785491105,-0.768296559664138,0,0.567153068891013,0.0171751760301937,0,0,0.397368353543284,0,-0.312505782230264,0,0,0.18908743171641,-0.267826743116716,-0.00335015207977593,0,0,0,0.0741221587250449,0,0,0,0.064085219191302,0,0.0617492538186894,0,0,0,0,0,0,-0.293475493757574,0.136002400465182,-0.0782887214614227,0.178140530915148,0,0.0496009540872898,0,0.29628985102352,0.242504181709835,0,0.0579616679554585
0.729742774933159,0.50399604445643,37,0,0,-0.259986267116841,-0.0706862274582281,0.0155098377612248,0.616627018213199,0.138556594294845,-0.0615683729436609,0.485663626659807,0.333835717471439,0.00677906919933604,0,0,0.014633907279992,0.155390909605171,-0.0784267818491907,-0.394075011055788,-0.294992529603149,-0.277225454616519,-0.456908182772622,0,0.354875271902629,0.180802264122482,-0.771358511131341,0,0.565567215268305,0.0278010724694461,0,0,0.398691520626603,0,-0.330228610839804,0,0,0.192237493220606,-0.272058466488475,-0.023653837647684,0,0,0,0.0827849996968544,0,0,0,0.0687577892440456,0,0.0693224751175909,0,0,0,0,0,0,-0.320688823939207,0.145505191075718,-0.0887446187955418,0.184667883360554,0,0.0504763337967695,0,0.295008126871358,0.244862233555006,0,0.0722451454450672
0.731441762978956,0.504377757345345,38,0,0,-0.262017732227463,-0.0708230263247356,0.0172844763753519,0.614076632787368,0.140666963882726,-0.0633005714549045,0.485016754342424,0.332642980199081,0.00891589131263803,0,0,0.0165509068533473,0.155682055542201,-0.0806073615766167,-0.397067762188769,-0.297710003314167,-0.276704744289994,-0.45380584573991,0,0.35816328782461,0.185473729423343,-0.770774062709034,0,0.565289798777789,0.0316058624827568,0,0,0.399075298160694,0,-0.333468829638308,0,0,0.193263054483546,-0.272929332134186,-0.0299081615973504,0,0,0,0.0855639297534188,0,0,0,0.07037935004305,0,0.0738605058180077,-0.00696024373258905,0,0,0,0,0,-0.32923446409085,0.147570325100007,-0.0918494490211318,0.18681451796648,0,0.0508219368642936,0,0.294324268431614,0.245427701988224,0,0.0786913616270395
0.741007551247849,0.506433213074645,39,0,0,-0.271982816837776,-0.070665965114321,0.0275111614370165,0.593040551482014,0.150805194352224,-0.0711216290323275,0.480025609696947,0.32601939367067,0.0208264060298534,0,0,0.0281582475974714,0.156237410113332,-0.0904854802073763,-0.41456547549754,-0.314462639462369,-0.270300321772628,-0.437358041701367,0,0.374428678853608,0.208687372835614,-0.764828330072356,0,0.558788886610011,0.0498030788589086,0,0,0.401218320412892,0,-0.3540803419436,0,0,0.198027445287392,-0.279028513127781,-0.0677840500525469,0,0.0454353890903296,0,0.0987078805904159,0,0,0,0.0771266262709111,0,0.0967925598382399,-0.0550862273082026,0,0,0,0,0,-0.378128611534169,0.155639550175431,-0.107416399272381,0.196234653471265,0,0.0534475489165817,0,0.288766710538959,0.248254201303945,0,0.11331196550271
0.745406349287512,0.507310869702362,40,0,0,-0.276690741908172,-0.0703365924585418,0.0316448136913451,0.583898846964366,0.15630575885708,-0.0750543909771525,0.477267910225954,0.322288974328313,0.0261592047366644,0,0,0.0338055261586688,0.156259985748787,-0.0942315255222905,-0.422543186964496,-0.32228432016177,-0.266453080324917,-0.430461456875885,0,0.381668244499994,0.217682262904536,-0.762391630778738,0,0.555023742643539,0.0592405379643515,0,0,0.402660769030269,0,-0.363236348332833,0,0,0.200772387312182,-0.282440470455803,-0.086222788432264,0,0.0679698691319953,0,0.10471679542442,0,0,0,0.0804268324855615,0,0.106565140270571,-0.0747709759081392,0,0,0,0,0,-0.399311905495174,0.161456040021045,-0.112958045026115,0.201055256526202,0,0.0575173163171946,-0.0145376373070902,0.286762584633106,0.249383532404079,0,0.133392764649158
0.749261163449653,0.507188668259119,41,0,0,-0.280807205888145,-0.0703787970754418,0.0343853361740259,0.574529502018519,0.160492213531933,-0.079176352457568,0.474433572189046,0.319408435369574,0.0297955575861475,0.00797883444311803,0,0.0390216063985411,0.155819908951444,-0.0983713747015602,-0.430075770419755,-0.329701239062342,-0.262965549071597,-0.423931296438099,0,0.388773682251293,0.225462722108423,-0.760699159128335,0,0.551834429105878,0.0671742811845287,0,0,0.404000846601531,0,-0.373557390175116,0,0,0.202406553928732,-0.285320837526929,-0.102657122057449,0,0.0889128750147797,0,0.110476567948441,0,0,0,0.0826726086928311,0,0.116741782019873,-0.0929624683573343,0,0,0,0,0,-0.419354994688283,0.167101777331172,-0.117354026296388,0.205477682116667,0,0.0608269320601087,-0.0273644804687392,0.284960929766753,0.25060632331306,0,0.151383103706661
0.753503344023908,0.50769372367886,42,0.0199604056754917,0,-0.286995563948867,-0.073477773057504,0.0319226853645213,0.562783965961181,0.16336640339949,-0.0844995588008638,0.470822843608248,0.316998983136817,0.0326760193774992,0.0172386213073312,0,0.0431491569571958,0.155540017846856,-0.102670781762609,-0.445044554110661,-0.33952556654068,-0.259859898759246,-0.418591450868796,0,0.395502286665545,0.233226845262152,-0.758823352168687,0,0.549432533324226,0.0762607267700672,0,0,0.40672396211818,0,-0.385282103014309,0,0,0.20480534440565,-0.289560810938733,-0.119035722021028,0,0.113790576530211,0,0.116828646434122,0,0,0,0.0860956714258106,0,0.126300494888754,-0.11090533818253,0,0,0,0,0,-0.440841426214966,0.172213741587215,-0.122182555550063,0.210080388053049,0,0.0641502409680355,-0.0399495594441925,0.283489968009184,0.253929117830264,0,0.169956368476639
0.755117044549413,0.507951801807861,43,0.0276789823928946,0,-0.289382952997455,-0.0746301199270108,0.0308789027380758,0.55833036985259,0.164372454470906,-0.0868035518380942,0.469536081533191,0.316075447525068,0.0338576013090816,0.0207243572649851,0,0.0448427720186355,0.155397550572029,-0.104268376145415,-0.450710160876151,-0.34332415290077,-0.258977524940419,-0.416596827556166,0,0.398417965373031,0.236270649357811,-0.758174169983173,0,0.548738830238774,0.0796349380035335,0,0,0.407793019661843,0,-0.389884837351971,0,0,0.206210960550147,-0.291077046349625,-0.125428260202137,0,0.123188115457435,0,0.11954769029105,0,0,0,0.0874296869216422,0,0.129829060055304,-0.117560957223931,0,0,-0.00218325991949344,0,0,-0.448855854277971,0.17446386149713,-0.123920784804696,0.211806384022116,0,0.0658062924792165,-0.0447500381155825,0.282948560825256,0.255515091470032,0,0.177233249528283
0.763478827475006,0.511564123170603,44,0.07140364393825,0,-0.300433295128813,-0.0799445453140097,0.0235345966319965,0.536110403498754,0.169592076688705,-0.0983254581011859,0.459422963405827,0.31147012215139,0.0395700884619788,0.0398621092650182,0,0.0536423530115481,0.15595060724765,-0.114038860840754,-0.480848387905407,-0.363902292803593,-0.253709035436046,-0.405400385839399,0,0.408614406792537,0.249577636975321,-0.753030935466242,0,0.54324295261582,0.0993530622710395,0,0,0.409800417830079,0,-0.413344985177088,0,0,0.213895623601429,-0.299894941700266,-0.161479711675319,0,0.175584078358837,0,0.134514298189099,0,0,0,0.0923192146960078,0,0.151926964982562,-0.15567226112272,0,0,-0.013754798274114,0,0.0331881203455077,-0.498744312441903,0.185361623067516,-0.134403531553785,0.217366395144827,0,0.0689083498648405,-0.0730198659534991,0.276578221956984,0.263502213444659,0,0.215655060295963
0.767402464072835,0.514438918066357,45,0.0927299607670089,0,-0.306113723526651,-0.0818677176878894,0.0212656894332986,0.523692304373269,0.171519488332367,-0.103432054945832,0.454572193135711,0.310388140083576,0.0430401181604332,0.0488126629795539,0,0.057291040682491,0.15518172752703,-0.117877826222182,-0.502433045298997,-0.374617712272344,-0.252077703293334,-0.399831193627786,0,0.413074261512827,0.256186817076036,-0.750093719639599,0,0.538997553853422,0.10965388363374,0,0,0.411011765297972,0,-0.42544529891845,0.0166117629341863,0,0.218134256872685,-0.306369130568156,-0.180072407357089,0,0.203131942132651,0,0.14109940080109,0,0,0,0.094188893127287,0,0.163432213496758,-0.17686798763627,0,0,-0.0203934012003086,0,0.0479872134552515,-0.524527906765016,0.191392625218787,-0.139670418644904,0.21899319194519,0,0.0707694033041274,-0.0888485646834483,0.27330163842904,0.268796504193804,0,0.235283159528662
0.773743092350696,0.519611462903322,46,0.133519593871092,0,-0.316131916549149,-0.0851720622077094,0.0155987494142525,0.500126447904424,0.174045003171552,-0.112987038330493,0.443731680214515,0.308382017202819,0.0493276640924858,0.0655939096295209,0,0.0641071785655337,0.154631168717564,-0.124484200019258,-0.54362706529933,-0.394804395087612,-0.249194415949613,-0.389345156648873,0,0.421389530046494,0.268548813851837,-0.744504451607865,0,0.530698593903798,0.128369245261136,0,0,0.412916455338722,0,-0.448651004508983,0.0474092813901366,0.0135797430286256,0.225436491068472,-0.319673389054556,-0.216380604970186,0,0.252138348006095,0,0.154006804976736,0,0,0,0.0970825506669358,0,0.186837140930261,-0.218128296726163,0,0,-0.034279762498089,0,0.0760757221080509,-0.574739317259658,0.20326084051708,-0.150600820587916,0.221872269819536,0,0.0722879366714778,-0.117656609071416,0.267309135499792,0.278862355228929,0,0.273215835278994
0.776636535038526,0.522322916874853,47,0.153972175352239,0,-0.322045164801758,-0.0873875007518022,0.0136725457225239,0.489215031619569,0.176437254177552,-0.116511120334123,0.437920051997815,0.306771858359593,0.0518219832767525,0.0752809827158422,0,0.0673514729702559,0.154622063050249,-0.126672557764434,-0.563436396252269,-0.404403364458259,-0.247871116057752,-0.384950076632619,0,0.428484501395591,0.273289772668927,-0.738561498814807,0,0.526894554285476,0.140261077891567,0,0,0.415238172270231,-0.0231279439721916,-0.456876888727543,0.0625698428462038,0.0219901154361737,0.227528193785096,-0.326786718733751,-0.23421004157707,0,0.275667720946562,0,0.163305703808125,0,0,0,0.0973468388110872,0,0.201879967588286,-0.234783750699446,0,0,-0.0415620201887503,0,0.0908807337268223,-0.600363689572369,0.208185522718033,-0.155353284257866,0.223714039053453,0,0.0740635060334234,-0.135216663694148,0.264978809420363,0.284209749479876,0,0.292565555883271
0.776935266089254,0.522579598282034,48,0.156050772391398,0,-0.322523833658682,-0.0875627197362155,0.0135809322382979,0.488316880870018,0.176899903789024,-0.117006608544816,0.437446424932281,0.306782655070865,0.0522625354516473,0.0760833751188064,0,0.0677130126199418,0.154585941278765,-0.126737646412189,-0.565388436190923,-0.405644509709672,-0.247994800641586,-0.384950127372815,0,0.429008928146186,0.273774044357097,-0.738465206935053,0,0.526462964035332,0.141075488715883,0,0,0.415742888628442,-0.0251642063924382,-0.458023696198884,0.0636974983837543,0.0229803798684087,0.227859326338559,-0.32773016446573,-0.235738205017578,0,0.277235096231065,0,0.16393895121924,0,0,0.00364586404302441,0.0975500502551013,0,0.202606710586951,-0.237212428173678,0,0,-0.0421830604146497,0,0.0922302504404942,-0.603104052487628,0.208764763411098,-0.155851824012884,0.223868459965822,0,0.0741208250041182,-0.137100315614913,0.265035003640195,0.284997166864295,0,0.294064748084226
0.77707253111621,0.522667438684325,49,0.157028849914412,0,-0.322729231504159,-0.0876343691097749,0.0135365733429879,0.487890878588113,0.177091941200576,-0.117222745901122,0.437236194335621,0.3067819515468,0.0524432710018878,0.0764711039620321,0,0.0678669430740136,0.154577714092761,-0.126772748045323,-0.566313920889384,-0.406210180963412,-0.248038943290576,-0.384947846208868,0,0.42923887638198,0.273982239453516,-0.73843030183111,0,0.526278627760375,0.141503020417566,0,0,0.415990047970035,-0.0261223932784177,-0.458541191127503,0.0641843513086467,0.0234114932552775,0.228009776281574,-0.328200673036443,-0.236437343301341,0,0.277922052823476,0,0.164238820340442,0,0,0.00524482559245385,0.0976487745202416,0,0.202985749464834,-0.238319127407173,0,0,-0.0425038567204069,0.00021921157240774,0.0928349122593833,-0.604330960508058,0.209016942316693,-0.156112176798986,0.223918924043985,0,0.0741349680659232,-0.13798524473683,0.265050252357496,0.285348268074609,0,0.294765699338768
0.778699956531291,0.52299939026743,50,0.164847205510648,0,-0.325514776613591,-0.0877312253875624,0.013327334632873,0.486246431127644,0.17896329176819,-0.119044677266362,0.434728919462762,0.306471608473893,0.0540534865766457,0.0807153045893552,0,0.0690617540293489,0.1552884498067,-0.127626005465451,-0.57622662770371,-0.412144181175595,-0.248395358419233,-0.384537622945144,0,0.433719859381114,0.276015740643139,-0.737625824878143,0,0.526748383023063,0.147468991837253,0,0,0.42052919181847,-0.0358757190859257,-0.463686899956689,0.0675442441802535,0.0269949171860962,0.228751271551929,-0.333399135420538,-0.241886413614281,0,0.287921122404975,0,0.168976237704291,0,-0.0232116205114964,0.0229719828958706,0.0991241335108663,0,0.207558669822324,-0.247060012706865,0,0,-0.0454000258846776,0.00323704191447891,0.0989334101654611,-0.614849037422697,0.212412545217579,-0.159419067967459,0.224771832749831,0,0.0763535883562466,-0.146206768157221,0.265701586507465,0.289575465255138,0,0.300826998478736
0.782457310925033,0.522722913597689,51,0.18194135443351,0,-0.332287189639464,-0.0884505710306824,0.0127463782318585,0.484840659890611,0.182273590039952,-0.123985410477629,0.431837206537786,0.306223170075056,0.0578713904197907,0.0904896035202144,0,0.0722182507972022,0.157529173519528,-0.129447514138675,-0.601506962001964,-0.427832145771703,-0.25090028726097,-0.385555024061021,0,0.444830867385061,0.283640762333354,-0.738089361803968,0,0.529505330068051,0.16164892099529,0,0,0.433218609297423,-0.0582092215027804,-0.476289704567781,0.0754371801053687,0.0356476882907688,0.231347979479689,-0.347085428620139,-0.254918557138333,0,0.311315990825335,0,0.181713928425219,0,-0.0763393643289154,0.0624105694425617,0.104106303364539,0,0.219872541267145,-0.269162177330953,0,0,-0.0527182963990224,0.0108454997402624,0.114374353780001,-0.640257626387189,0.222898218558591,-0.166556821600167,0.229761180420128,-0.0177394058837696,0.0846380176244478,-0.165333382952888,0.268603727089433,0.301056625574366,0,0.317819381365469
0.787297469721482,0.521878298876021,52,0.208291605435865,0,-0.342092462432067,-0.0885073846484324,0.0128879968818013,0.483439562964871,0.185067042026168,-0.132721330323895,0.426854644843364,0.306699510085461,0.0640150924972971,0.105690901354347,0,0.0762883779766631,0.161114845243227,-0.131551136033904,-0.639282118795811,-0.453369232665277,-0.254982088211483,-0.388305517901869,0,0.462847370766552,0.295414725726776,-0.741618565750129,0,0.532323270089461,0.185384836411521,0,0,0.453761138189405,-0.0925988955102724,-0.497915943823925,0.0877766051036559,0.0482148163791684,0.235221112898506,-0.368069528289188,-0.278498583958634,0,0.349147015079926,0,0.198745249287394,0,-0.164048487271167,0.125053256433163,0.111213108480416,0.0221421189192164,0.237635746307584,-0.307371806594231,0,0,-0.0649847674862386,0.022469287526866,0.139988195517085,-0.682033367946784,0.2399258103905,-0.179384167403487,0.23796055691536,-0.049916465125525,0.0957461510519461,-0.194970807396313,0.271912314336372,0.320533147309479,0,0.348457245139215
0.787533004787937,0.521849005161962,53,0.209816368096638,0,-0.342653174131136,-0.0885458327680758,0.012937672151659,0.483358596212738,0.185194549789797,-0.133372329919292,0.426515555635043,0.306797628854036,0.0642785671322472,0.106506191753052,0,0.0764953847691184,0.161319974225122,-0.131612371863957,-0.641402294368853,-0.454822100305003,-0.255231240411047,-0.388451472137492,0,0.464030194634034,0.296080362338132,-0.741804543528241,0,0.532370850603081,0.186647685295856,0,0,0.454949640260975,-0.0944657537029191,-0.499279508422992,0.088564646530971,0.0490330936307131,0.235572815191165,-0.369206310799983,-0.279875335660549,0,0.351324651799178,0,0.199814954696588,0,-0.169278797579881,0.128805344583494,0.111679941461263,0.0234196037056446,0.23864102457195,-0.309504854564128,0,-0.00107227472891005,-0.0654775927021764,0.0232520097633257,0.141454699286637,-0.684304700402958,0.240962589337787,-0.180049539425826,0.238515589158593,-0.0516023729889092,0.0964228271063977,-0.196665632653716,0.272132185206515,0.321618618892546,0,0.350164216391745
0.787961889645822,0.521945863697572,54,0.213078199556692,0,-0.343672026545604,-0.0885616860989728,0.0131934452296102,0.483243825748723,0.185573013737602,-0.134448708932544,0.426425923130423,0.307254009870833,0.065096265628004,0.107872452663926,0,0.0766625979232913,0.161909994129536,-0.132064149559595,-0.644881301219824,-0.457102796825512,-0.255120554367589,-0.389103900608245,-0.0057925640808732,0.466733682310755,0.296859524293075,-0.742216676868431,0,0.533651884176944,0.188738338019924,0,0,0.457373060842596,-0.0975812113898072,-0.501513412935086,0.090307270225746,0.050572689256245,0.236295789010866,-0.370865761944176,-0.281918894245423,0,0.355422346521725,0,0.20196993191819,0,-0.177780689528624,0.13506720086016,0.112508893960107,0.0256904845789853,0.24045186081021,-0.313440202422992,0,-0.00263731131654966,-0.0663380773330664,0.0246673811231184,0.144065853017795,-0.688391159350879,0.242732935723826,-0.18121841357494,0.239507196588682,-0.0543468057820801,0.0968757903799899,-0.19928475659234,0.272624370612805,0.32339167040799,0,0.352463179264779
0.788387451660071,0.52215223110649,55,0.21684763056595,-0.00244235149360837,-0.344612933888764,-0.0882568458360448,0.0136217934413612,0.483251046244102,0.186161970647706,-0.135275784436812,0.426541489333269,0.307801929664617,0.0657401989553337,0.109236736335853,0,0.0768979861931683,0.162555630118371,-0.132375641335246,-0.648129589966694,-0.459687972767155,-0.254824941614676,-0.389835255257288,-0.0114633679090598,0.4696681351814,0.297668395901111,-0.742684946138484,0,0.535162669605281,0.190977809694767,0,0,0.459777779426125,-0.100623420200808,-0.503996162206903,0.0920354057551893,0.0521198627371406,0.236952639231201,-0.372437581971005,-0.283976493907297,0,0.359521063403374,0,0.204204535805446,0,-0.186223331351063,0.141016927925521,0.113268880464349,0.0280130214829662,0.242342398781968,-0.317237348462157,0,-0.00419881511069492,-0.0670541024787684,0.0260465792337501,0.146526361054821,-0.692311672263302,0.244569492034304,-0.182487354845855,0.240325674701567,-0.0570632632122927,0.0971150086427171,-0.202059274306714,0.273116574571519,0.325256734725353,0,0.354916089101093
0.788842836725479,0.522399957906215,56,0.220668189522488,-0.00505186855140332,-0.345716763051179,-0.0879027248638577,0.0140779212375147,0.483423194428633,0.186633897266192,-0.136051445670303,0.42705805112424,0.308533723429804,0.0664757331447475,0.110651715104128,0,0.0768919077828445,0.16322384405332,-0.132621394660807,-0.651602709882927,-0.462229949471047,-0.254508610029412,-0.39043878950369,-0.0176303674073103,0.472698655407391,0.298171878426156,-0.74349751117532,0,0.537092732192157,0.19354299679826,0,0,0.46244187558881,-0.103727463681611,-0.507573228093561,0.0937981268738041,0.0534180906997188,0.237401512515564,-0.373826829537442,-0.285782241182771,0,0.364265659042461,0,0.206103662794124,0,-0.194964282613098,0.147232050173166,0.114067821069258,0.0302933377950334,0.244785486751472,-0.320774594062171,0,-0.00613332821690465,-0.067598610902124,0.0276109507738188,0.148923777365875,-0.696322119276137,0.246697359714723,-0.183955771602943,0.241391736562377,-0.0594441990795929,0.0982926860044284,-0.204021923986033,0.273752666242769,0.327547797017151,-0.00463634722503775,0.358844036824252
0.789540313432338,0.522777931066723,57,0.227014807649353,-0.00931746866043811,-0.347319242590158,-0.0871337007552472,0.0149132165134705,0.483735683445882,0.187328932647739,-0.136768063397051,0.427867768373766,0.309980396313131,0.0675007286454619,0.112585739631103,0,0.0768761398006907,0.164507792638217,-0.133473911016657,-0.656718674771017,-0.466355183343976,-0.254111066672029,-0.392024607473618,-0.027297331833467,0.477038650950567,0.298684244346627,-0.745587112219002,0,0.540166972409247,0.197385144121607,0,0,0.46687394041658,-0.108231660343731,-0.513865151275146,0.0970348366011543,0.055445750006719,0.237974046113737,-0.376577560163813,-0.289018379550257,0,0.370895602122024,0.00585159437655221,0.209437083934515,0,-0.2087169434875,0.155221684536961,0.114758963460957,0.0341004721090724,0.248074403076976,-0.326617444571504,0,-0.00923494218326332,-0.0680692970244342,0.0300692404533174,0.152300239409375,-0.702748223589555,0.250322692111295,-0.186433199303953,0.242745391552003,-0.0630977300419309,0.0999344698930183,-0.207139088300137,0.274813423315522,0.331307638322343,-0.0115032580612639,0.364611551330162
0.791648257374455,0.523588949388222,58,0.245189148247935,-0.0208013233166895,-0.353155013684982,-0.0851200259887117,0.0174310015049895,0.485729553425496,0.189774613317475,-0.139921311740551,0.430534626849161,0.314591998006114,0.0690702605951069,0.118403534385802,0,0.0778589755593753,0.169316320996864,-0.135726733700682,-0.672687442568622,-0.479160879040444,-0.253252031793304,-0.39615626365262,-0.0544947998281511,0.495381748899192,0.300635463618385,-0.754680804541482,0,0.552011217059514,0.211712761061244,0,0,0.481736263684981,-0.120437827418895,-0.53277548782035,0.108290156905847,0.0621038625656491,0.24252577915946,-0.388433142606802,-0.296369886177785,-0.0361713658953615,0.395099757488563,0.0209697556928351,0.224373326780947,0,-0.249923744069879,0.181871372044427,0.118560495742881,0.0444721980754897,0.26048934424764,-0.343946138590281,0,-0.0191976318031145,-0.0674471863796089,0.0369906995299871,0.164541106913089,-0.722886454979396,0.264684930034387,-0.193949524201203,0.245837255590049,-0.0739063046709891,0.105124933850926,-0.218133107390947,0.280228497738902,0.342534743965647,-0.0316344517010843,0.382293180023579
0.79226910716853,0.524020724009358,59,0.251458082556966,-0.024061834042434,-0.355137006989146,-0.0844260859993177,0.0185002844582574,0.486435757272825,0.190015240043041,-0.140941427763757,0.431896146805781,0.316080952987223,0.0692665845845959,0.120563494029025,0,0.0784011095598291,0.170970288475439,-0.13620337933474,-0.678426300908877,-0.483123557455646,-0.253195775270165,-0.39806747195659,-0.0631300059962276,0.502594150414356,0.301184442291943,-0.757762024005323,-0.00592817245467583,0.555900811899551,0.21645980774019,0,0,0.486936382280151,-0.124170548209418,-0.538531836403352,0.11245911956374,0.0641970321060872,0.244147673328438,-0.392208199912296,-0.298268167834433,-0.0475548210966441,0.403578629744324,0.0257454457742487,0.229968511371615,0,-0.262534887874578,0.189366369627733,0.120207163987419,0.0476142461122129,0.264664726376398,-0.348841017172599,0,-0.0225144503528001,-0.0675484389935084,0.0392783209299685,0.168476260981201,-0.729601045957448,0.269216558251242,-0.196352626452914,0.247248798602984,-0.0777846407407304,0.106757552827029,-0.22145915452155,0.281799103700078,0.346417766628702,-0.0382332824568606,0.388199344843438
0.792867681770328,0.52440874302284,60,0.257704096867592,-0.0274167772094532,-0.357239935411321,-0.0838055886233649,0.0194293707907931,0.487238449075392,0.190210522706879,-0.142008640890939,0.433230600571703,0.317600792567093,0.0694441240488354,0.122739205767159,0.000861916384354962,0.0789722523254888,0.172655502053229,-0.136730783468093,-0.684365244495924,-0.487230196855562,-0.25313705888187,-0.400116291039717,-0.071915324475737,0.510045322602325,0.301761439197655,-0.76090527473602,-0.0119693706450486,0.559864636533549,0.221329718615518,0,0,0.4922959043973,-0.128095886137514,-0.544509742738238,0.11661601299526,0.0662813750934433,0.245641711752625,-0.396042759242559,-0.300273400956449,-0.0593779483189681,0.41244329249039,0.030565166318906,0.235782291354743,0,-0.275444116184648,0.197094969041217,0.121927093238,0.050825904326378,0.269000916887704,-0.35378409842072,0,-0.0259476525658408,-0.0676089235619356,0.0416628649172263,0.17257383252046,-0.736424493697101,0.273873007532033,-0.198797163374647,0.248770319106168,-0.0818626478178746,0.108481047067097,-0.224911153401687,0.283439436288405,0.350286402706944,-0.0449694295157036,0.394240404525071
0.793794295575954,0.524968362341444,61,0.268702990606138,-0.0327814904949061,-0.360903105304177,-0.0836113191702818,0.020258292015716,0.488655702828688,0.190610191048827,-0.143907414736326,0.435950779358674,0.31986314348535,0.0703290476013232,0.126306168460456,0.0021507141631989,0.0799166538320249,0.174984014539113,-0.137740888803614,-0.694192990240778,-0.493480712674465,-0.252952337867167,-0.403785718878902,-0.08480813141929,0.5219291249905,0.302675700770392,-0.766249980856964,-0.0204300344284813,0.567971717217219,0.229724206033402,0,0,0.501653060172348,-0.134552950102922,-0.554517908761634,0.122912579294836,0.0695813292352958,0.247610416198394,-0.403056021838094,-0.303659269427913,-0.0777249787873173,0.426412640539867,0.0379595419999263,0.245718548500837,-0.0115547029594209,-0.292660461508049,0.208903213609268,0.1247360928373,0.057121975893342,0.278120005602628,-0.361876052473051,0,-0.0307529727922696,-0.0669860631357637,0.045507394960054,0.179243327253827,-0.748129273103037,0.280925868519851,-0.203247624150101,0.251477558163112,-0.0872209745377512,0.111557951394236,-0.230978267880727,0.286428945404334,0.357157594735888,-0.0551556791235103,0.403860834190548
0.795874655267874,0.52518893731898,62,0.298805225643595,-0.04629888145606,-0.370228763731128,-0.0833771820966052,0.0229885323906377,0.491219284309721,0.192493384073952,-0.150174025428443,0.443098834430715,0.326450477026026,0.0725991711585233,0.134385897829087,0.00608638640869969,0.0832020040619125,0.181664486823627,-0.142540322752781,-0.723239779483932,-0.510878073044323,-0.252094930051328,-0.415662592209851,-0.120720092498724,0.55272236641401,0.303489414807293,-0.783165654023569,-0.0438965836651973,0.590131109356147,0.249078449559973,0.0205848009590928,0,0.527872107869056,-0.152524801045467,-0.585253907943585,0.138950838929012,0.0797475094620826,0.252674543620639,-0.421489126265049,-0.31096608713643,-0.125906050627878,0.463200453655343,0.056680126855842,0.273055610666661,-0.0389701333751235,-0.342820430227955,0.240861999179751,0.132166985170073,0.07353910425836,0.303170437192241,-0.387066820815274,0,-0.0443072747921902,-0.0654904894896661,0.0563552126976367,0.197241060469164,-0.781270103507353,0.300895439343028,-0.216343460791981,0.259503186789469,-0.0998822779876612,0.120308415645479,-0.248031109353974,0.293617992927412,0.376983010702742,-0.081297132710711,0.428072225825236
0.796126211858228,0.525168463954022,63,0.3032079603448,-0.0482869369009969,-0.371602155391955,-0.0833554139361924,0.023405664721735,0.491598450224539,0.192784520911533,-0.151094876291355,0.444171895734244,0.327448104240272,0.0729570476276668,0.135579972068382,0.00667047727376217,0.0836898294122904,0.182679579104441,-0.143245972441271,-0.727681863420671,-0.513478498468592,-0.251980126687613,-0.417430008482774,-0.12609784898619,0.557324122877797,0.303662873098805,-0.785671710907221,-0.0473882942829704,0.593474046542764,0.251957991289796,0.0236737168250732,0,0.531758531484439,-0.15520508366632,-0.589780403562924,0.141363115916034,0.0812309433614033,0.253439753309051,-0.42426275380783,-0.312021303327514,-0.133078502430196,0.468674334640619,0.0595016506445575,0.277145494418973,-0.0430736672854529,-0.350284158454513,0.2454976520833,0.133239203502339,0.0759081885152261,0.30701021772431,-0.39086112958263,0.000374887960178397,-0.0464327846434809,-0.0652491174557715,0.0579409455316944,0.199838982173073,-0.78626296137696,0.303830525542554,-0.218283105533251,0.260669197182007,-0.101767265888532,0.121633987642843,-0.250556901970866,0.294695124112084,0.379916888129092,-0.0851501666992633,0.431627135711629
0.796700659148559,0.524913123980098,64,0.31452177180535,-0.0534362191474807,-0.374881428726931,-0.0832093534116269,0.0243983266774744,0.492902287607503,0.193668354178128,-0.153450327993939,0.446961604545375,0.330001104689461,0.0739117537191264,0.138669386819521,0.0082228130281128,0.0850444820746186,0.185123940369428,-0.145178862922804,-0.739035797621976,-0.520201260461247,-0.251187736479909,-0.42190829251399,-0.139619311003062,0.569413706504352,0.30427847807337,-0.791558898999677,-0.0560270581470393,0.601881793786083,0.258881417327008,0.031662240748784,-0.00401042637762857,0.541597011983917,-0.161669223543316,-0.601237157624148,0.14789462826475,0.0848709340125696,0.255303726618232,-0.431306799804648,-0.31472975152999,-0.15099359951171,0.482856714803492,0.0667492627263106,0.287883093816814,-0.0530182703948597,-0.369372064784644,0.257463512359494,0.136374277290443,0.0818784577646241,0.317043456913965,-0.400816045282126,0.00134605429586749,-0.0518459337130214,-0.0649187277518561,0.0622368598028363,0.206713058829232,-0.799178722157846,0.311721633118503,-0.223151340868431,0.263659851633732,-0.107318497982158,0.125240184278244,-0.257124062458811,0.29753776492919,0.387031157052444,-0.095361218494062,0.440801287260582
