"train_SR","valid_SR","test_SR","portsN","V1","V2","V3","V4","V5","V6","V7","V8","V9","V10","V11","V12","V13","V14","V15","V16","V17","V18","V19","V20","V21","V22","V23","V24","V25","V26","V27","V28","V29","V30","V31","V32","V33","V34","V35","V36","V37","V38","V39","V40","V41","V42","V43","V44","V45","V46","V47","V48","V49","V50","V51","V52","V53","V54","V55","V56","V57","V58","V59","V60","V61","V62","V63","V64"
0.542018101275379,0.236984167148354,0.480593861591279,5,0,0,0,0,0,0.593592352571507,0,0,0.472635652196699,0,0,0,0,0,0,0,0,0,0,-1.35109715861807,0,0,0,0,0,0.393869022497925,0,0,0,0,0,0,0,0,0,0,0,0,0,0,0,0,0,0,0,0,0,0,0,0,0,0,0,0,0,0,0,0,0,0,0.891000131351938,0,0,0
0.54438886387924,0.236751625604602,0.481200324609684,6,0,0,0,0,0,0.595713898978355,0,0,0.468396456149768,0,0,0,0,0,0,0,0,0,0,-1.36527711388872,0,0,0,0,0,0.412017923984239,0,0,0,0,0,0,0,0,0,0,0,0,0,0,0,0,0,0,0,0,0,0,0,0,0,0,0,0,0,0,0.00841293888756261,0,0,0,0.880735895888797,0,0,0
0.544399173081573,0.236754157828784,0.481204365711703,7,0,0,0,-4.2195312686045e-05,0,0.595737476066435,0,0,0.468396195629437,0,0,0,0,0,0,0,0,0,0,-1.36528879122477,0,0,0,0,0,0.412062570668079,0,0,0,0,0,0,0,0,0,0,0,0,0,0,0,0,0,0,0,0,0,0,0,0,0,0,0,0,0,0,0.00843036653310658,0,0,0,0.880704377640402,0,0,0
0.544661128702218,0.236822859128193,0.481265683689405,8,0,0,0,-0.00101936420301421,0,0.596186829036413,0,0,0.468403200835658,0,0,0,0,0,0,0,0,0,0,-1.36574147615409,0,0,0,0,0,0.412782148814175,0,0,0,0.000613673732105958,0,0,0,0,0,0,0,0,0,0,0,0,0,0,0,0,0,0,0,0,0,0,0,0,0,0,0.00880163044129149,0,0,0,0.879973357497462,0,0,0
0.546529404470845,0.236722167076587,0.48183713193164,9,0,0,0,-0.00756779348946021,0.00557024167636699,0.596949687809343,0,0,0.46686953119898,0,0,0,0,0,0,0,0,0,0,-1.36877923148575,0,0,0,0,0,0.416393487414668,0,0,0,0.00403279262639218,0,0,0,0,0,0,0,0,0,0,0,0,0,0,0,0,0,0,0,0,0,0,0,0,0,0,0.0113465099888743,0,0,0,0.87518477426059,0,0,0
0.548670901229225,0.236769401781001,0.48250540648624,10,0,0,0,-0.0150762653212697,0.0117629486090475,0.597318880143588,0,0,0.464596593412327,0.00202864540463885,0,0,0,0,0,0,0,0,0,-1.37206283363324,0,0,0,0,0,0.419898453526706,0,0,0,0.00776902638343639,0,0,0,0,0,0,0,0,0,0,0,0,0,0,0,0,0,0,0,0,0,0,0,0,0,0,0.014253329075322,0,0,0,0.86951122239944,0,0,0
0.588745012459694,0.243626706065585,0.491357564328022,11,0,0,0,-0.0867236216079639,0.10759798845437,0.613270820828281,0,0,0.441561704881565,0.0272091743054017,0,0,0,0,0,0,0,0,-0.13773669559408,-1.38586059349034,0,0,0,0,0,0.488697010101656,0,0,0,0.0650787435357521,0,0,0,0,0,0,0,0,0,0,0,0,0,0,0,0,0,0,0,0,0,0,0,0,0,0,0.0595860538531865,0,0,0,0.807319414732167,0,0,0
0.630684984147449,0.26504513556987,0.496038412728424,12,0,0,0,-0.123068212516268,0.166475729540231,0.621648556180597,0,0,0.41900290856058,0.0548710607055368,0,0,0,0,0,0,0,0,-0.214684388126291,-1.34771728358434,0,0,0,-0.157579979401724,0,0.571291665504262,0,0,0,0.142450695097833,0,0,0,0,0,0,0,0,0,0,0,0,0,0,0,0,0,0,0,0,0,0,0,0,0,0,0.107463282708154,0,0,0,0.759845965331425,0,0,0
0.656790661002193,0.276631275574701,0.498717695222981,13,0,0,-0.0415994757277541,-0.138130223272061,0.214148875281284,0.630961791156745,0,0,0.414200601111582,0.0686728323091379,0,0,0,0,0,0,0,0,-0.259962400836082,-1.31835764223665,0,0,0,-0.243489412733878,0,0.614581115428891,0,0,0,0.191018699173633,0,0,0,0,0,0,0,0,0,0,0,0,0,0,0,0,0,0,0,0,0,0,0,0,0,0,0.128818500108288,0,0,0,0.739136740236861,0,0,0
0.684153369117268,0.28841011317694,0.498133511367256,14,0,0,-0.0873621246194021,-0.148444375254031,0.252081617163686,0.639192506937597,0,0,0.410262241762474,0.0766145009467722,0,0,0,0,0,0,0,0,-0.300788585295104,-1.28054608063472,0,0,0,-0.310070652662707,0,0.687433224777032,0,0,0,0.237789254937704,0,0,0,0,0,-0.0592470919335884,0,0,0,0,0,0,0,0,0,0,0,0,0,0,0,0,0,0,0,0,0.156991739191207,0,0,0,0.726093824683082,0,0,0
0.691592509848329,0.2905492308708,0.497251480614543,15,0,0,-0.0958377319987396,-0.150084977309621,0.26128177827531,0.641902342855296,0,0,0.410731336556926,0.078123084476883,0,0,0,0,0,0,0,-0.0219380604818124,-0.308031171682449,-1.26975313071321,0,0,0,-0.322180019827399,0,0.709339325446605,0,0,0,0.247762989001281,0,0,0,0,0,-0.0704281082784664,0,0,0,0,0,0,0,0,0,0,0,0,0,0,0,0,0,0,0,0,0.165914058382971,0,0,0,0.723198285296426,0,0,0
0.717155343605218,0.296104065877485,0.494596474367671,16,0,0,-0.124579196962443,-0.15485871176569,0.291263777368533,0.646214521477409,0,0,0.413541840637335,0.0796558512116551,0,0,0,0,0,0,0,-0.0976505735833903,-0.331839355092742,-1.23070144313635,0,0,0,-0.371128192057159,0,0.766017727016952,0.0437519746347474,0,0,0.274005462278125,0,0,0,0,0,-0.110603266846799,0,0,0,0,0,0,0,0,0,0,0,0,0,0,0,0,0,0,0,0,0.196605796303229,0,0,0,0.710303788516588,0,0,0
0.74177089155617,0.293680059891032,0.494066369478518,17,0,0,-0.150668369854659,-0.161742944688871,0.30831765961829,0.639155891211805,0,0,0.404509388448351,0.0807041965408421,0,0,0,0,0,0,0,-0.1523916599616,-0.341016374738132,-1.18599214094328,0,0,0,-0.38960297070032,0,0.812715192412442,0.10068101563767,0,0,0.304751227999015,0,0,0,0,0,-0.131367228031283,0,0,0,0,0,0,0,0,0,0,0,-0.0640621319920073,0,0,0,0,0,0,0,0,0.225606644196749,0,0,0,0.700402604844985,0,0,0
0.802211722331494,0.285848035539298,0.472068370332552,18,0,0,-0.196389649075641,-0.14964665744461,0.362547134865992,0.596282103383845,0,0,0.373348538815196,0.103303836973961,0,0,0,0,0,0,-0.175170319947166,-0.259838489370522,-0.329210359905149,-1.03635298673239,0,0,0,-0.418067932873126,0,0.947133089059351,0.216061240938467,0,0,0.391395334287813,0,0,0,0,0,-0.164916824994692,0,0,0,0,0,0,0,0,0,0,0,-0.218934942176312,0,0,0,0,0,0,0,0,0.29159309522647,0,0,0,0.666863788968513,0,0,0
0.804646240481697,0.285410037003142,0.471019827500043,19,0,0,-0.198644664479307,-0.149057339240562,0.363857226490901,0.593101827365227,0.0059906439123037,0,0.371453635947795,0.103669202090745,0,0,0,0,0,0,-0.183233267443116,-0.264195177961152,-0.327888767315588,-1.03054764314124,0,0,0,-0.419018201690664,0,0.951801204941066,0.220144555186278,0,0,0.394465982170765,0,0,0,0,0,-0.16566695225119,0,0,0,0,0,0,0,0,0,0,0,-0.2256697245798,0,0,0,0,0,0,0,0,0.293899606397671,0,0,0,0.665537853599864,0,0,0
0.821308644618783,0.282706564318889,0.463798994034901,20,0,0,-0.216723927552127,-0.148526394788183,0.371557689249241,0.571150776573886,0.046353510073048,0,0.361647150918837,0.101190732065019,0.0253140408207472,0,0,0,0,0,-0.235541594014393,-0.293430752301012,-0.320594328481425,-0.99348337636484,0,0,0,-0.430128704542241,0,0.9698452988636,0.250072846635022,0,0,0.415308203579035,0,0,0,0,0,-0.169156866839862,0,0,0,0,0,0,0,0,0,0,0,-0.27170517453938,0,0,0,0,0,0,0,0,0.310610759476741,0,0,0,0.656240111168287,0,0,0
0.833622598898082,0.2785349018906,0.457649273844214,21,0,0,-0.227038929681162,-0.145256176118987,0.376538103914319,0.549540236687437,0.0777998578278128,0,0.352169187449388,0.0983976464470825,0.0427053101059814,0,0,0,0,0,-0.27215423516966,-0.318181612716482,-0.315160433381645,-0.96006551460334,0,0,0,-0.436747867103019,0,0.9678706993249,0.263397505296851,0,0,0.422860823783012,0,0,0,0,0,-0.172833151856095,0,0,0,0,0,0.0466467570403057,0,0,0,0,0,-0.309537709147056,0,0,0,0,0,0,0,0,0.315150052847027,0,0,0,0.643899449053331,0,0,0
0.845587008544901,0.275166644667301,0.45344179186587,22,0,0,-0.233213444872262,-0.140354103918998,0.383064036029417,0.53653331210868,0.108420949257974,-0.0264306969145994,0.346529872669327,0.0970851553954084,0.0584067623982841,0,0,0,0,0,-0.30828952519331,-0.337747649158082,-0.310364338833349,-0.923138147145591,0,0,0,-0.439108062692287,0,0.965458345006822,0.275492189664568,0,0,0.431207845480628,0,0,0,0,0,-0.177528158881793,0,0,0,0,0,0.0868971783354361,0,0,0,0,0,-0.341652532996453,0,0,0,0,0,0,0,0,0.318190819095588,0,0,0,0.630540195164591,0,0,0
0.850089591353212,0.273607198425677,0.451072746412033,23,0,0,-0.233964545078744,-0.13805560642879,0.38471031407898,0.530328551859313,0.117820798192532,-0.032827717124352,0.34328517596708,0.0971734855119836,0.0627739232928328,0,0,0,0,0,-0.321142548970315,-0.342684805589255,-0.306084811327048,-0.910189695923812,0,0,0,-0.440358440298372,0,0.962349452990467,0.281618700409033,0,0,0.434796636683724,0,0,0,0,0,-0.182843091914301,0,0,0,0,0,0.0968861303032138,0,0,0,0,0,-0.355577161249151,0,0,0,0.0108130255442498,0,0,0,0,0.317267926419162,0,0,0,0.62390430265157,0,0,0
0.856253639881857,0.272766928486125,0.449070250876564,24,0,0,-0.235032532018221,-0.133656069233743,0.38227274771626,0.521939411650865,0.129952984985019,-0.0412381393500158,0.338477760242903,0.0960102399595337,0.0669592432517046,0,0,0,0,0,-0.338327417847486,-0.350030382877658,-0.300842011791803,-0.892101085713294,0,0.022949863680898,0,-0.443858482729102,0,0.955177106354974,0.287924880264652,0,0,0.436709915077175,0,0,0,0,0,-0.190678018998268,0,0,0,0,0,0.104204929449154,0,0,0,0,0,-0.371247010896054,0,0,0,0.0235899718624802,0,0,0,0,0.315225725737936,0,0,0,0.615616371222089,0,0,0
0.89722643874492,0.265829289285573,0.435413042358315,25,0,0,-0.237816075808644,-0.0959265870963082,0.353333580540424,0.455888229680734,0.21953774800193,-0.0974358937086222,0.298766493996816,0.0906006846082789,0.0942295370039785,0,0,0,0,0,-0.457126266421452,-0.403571319494019,-0.255225801762949,-0.740974532954794,0,0.193996828571428,0,-0.463227338292266,0,0.907970668634246,0.352964656240112,0,0,0.453905612171749,0,-0.0864863310387858,0,0,0,-0.243330984138571,0,0,0,0,0,0.144101075465418,0,0,0,0,0,-0.448839195654791,0,0,0,0.118615448791528,0,0,0,0,0.296731570597061,0,0,0,0.549318192067499,0,0,0
0.898898753264751,0.265569984938022,0.434683281651912,26,0,0,-0.238007303806436,-0.0942127772146937,0.351375146408663,0.452594724508607,0.223037081631722,-0.100046875997809,0.296363115898145,0.0900468940192096,0.0954955922895194,0,0,0,0.00325667236814799,0,-0.462259733730177,-0.405607978867857,-0.253012100534427,-0.733965141744517,0,0.201763117839674,0,-0.464852028695916,0,0.90516025486751,0.355717123148344,0,0,0.454504105558227,0,-0.0904260492519113,0,0,0,-0.245670040642264,0,0,0,0,0,0.14627832863616,0,0,0,0,0,-0.452689720049193,0,0,0,0.123004387147215,0,0,0,0,0.295917227958343,0,0,0,0.546235978255713,0,0,0
0.900104454917905,0.265263018893237,0.434314694070224,27,0,0,-0.237915395836174,-0.0933041930051858,0.350034972301308,0.450860091001948,0.224279562233471,-0.101354945136777,0.295478761597568,0.0898524632338779,0.0962776937505961,0,0,0,0.00490606760354989,0,-0.464914785932792,-0.407005314879887,-0.252286258153564,-0.730609533166432,0,0.206681586688171,0,-0.46630802019216,0,0.904052520329547,0.357110348507855,0,0,0.454859796887002,0,-0.0926878559366276,0,0,0,-0.246407036116054,0,0,0,0,0,0.1487937135341,0,0,0,0,0,-0.454419571912256,0,0,-0.00360246996379875,0.127102081349955,0,0,0,0,0.296075002925779,0,0,0,0.54445071828698,0,0,0
0.904650210399768,0.26363918649994,0.433802470609937,28,0,0,-0.236833176480441,-0.0893843580360981,0.344398455318552,0.442781238086038,0.228879243139954,-0.106184687623727,0.290940701248971,0.0895264311106472,0.0995789560895758,0,0,0,0.0107514648973883,0,-0.472475111073491,-0.410174712496414,-0.248493221361233,-0.714980654217546,0,0.223824321091056,0,-0.471337115357013,0,0.897210255885075,0.361128591235139,0,0,0.453380072616689,0,-0.101727254100309,0,0,0,-0.247862053668706,0,0,0,0,0,0.155471462983704,0,0,0,0,0,-0.459230423612177,0,0,-0.0185672456661458,0.141386125232669,0,0,0,0,0.293084525272137,0.0116055694431125,0,0,0.533302600042593,0,0,0
0.905336483369496,0.263462195561097,0.433732714418723,29,0,0,-0.236768597541313,-0.0888649319675529,0.343620072766345,0.441630621047058,0.22934806846303,-0.106853430667605,0.290371848626895,0.0895373687800157,0.100079309432939,0,0,0,0.0115116261673583,0,-0.473783398396618,-0.410746301026488,-0.248046596359048,-0.712768293640507,0,0.225995815362183,0.00171102270321159,-0.471961099823375,0,0.89600083495432,0.361597103176616,0,0,0.453063266149712,0,-0.10300952069222,0,0,0,-0.248114623928569,0,0,0,0,0,0.156228062393693,0,0,0,0,0,-0.460110485026064,0,0,-0.020702088809561,0.143402270072028,0,0,0,0,0.292800587024792,0.0131468363631811,0,0,0.531684654395543,0,0,0
0.909518192941754,0.261874878859126,0.433205031032859,30,0,0,-0.235820572999347,-0.0856374862822189,0.33941297726271,0.435211361315131,0.23224174563663,-0.110391444530084,0.287533171144971,0.0899188511354353,0.10213734581811,0,0,0,0.0158598812421527,0,-0.481831372365959,-0.413375993493657,-0.245339071102902,-0.699811203846386,0,0.237455114093917,0.0104647882432289,-0.475710542501488,0,0.889644457236833,0.363478469101399,0,0,0.451937772644478,0,-0.110640805348214,0,0,0,-0.249914598314844,0,0,0,0,0,0.160653015609199,0,0,0,0,0,-0.467505579120287,0,0,-0.0335239552818795,0.153849991213152,0,0,0,0.00822980067677732,0.290921728985714,0.018173572908706,0,0,0.522378580918721,0,0,0
0.91271807001085,0.261151773993968,0.433260771202685,31,0,0,-0.236281242217115,-0.0842559530264401,0.335040736031145,0.432461892098045,0.234123065075515,-0.112378246334432,0.285552620713518,0.0903858912346289,0.102865549214738,0,0,0,0.0180741224514679,0,-0.482874679415049,-0.413419651378603,-0.24243263404665,-0.691600242231775,0,0.245897799920682,0.0150664595754605,-0.47648682417536,0,0.887455954894453,0.365893743926569,0,0,0.45146843678179,0,-0.116576332032659,0,0,0,-0.250163504818057,-0.0136241549187736,0,0,0,0,0.165801087605998,0,0,0,0,0,-0.470448258785739,0,0,-0.0414366166077817,0.159400306349717,0,0,0,0.0137383036664629,0.29023087000964,0.0227350928857184,0,0,0.515786407552884,0,0,0
0.92190914251722,0.258211567757748,0.433705547457899,32,0,0,-0.237152936099363,-0.0807560879618617,0.324269950494468,0.422803347754595,0.239611702539412,-0.118075433934225,0.281858673118427,0.0912655778352962,0.104902297989994,0,0,0,0.0233886083447491,0,-0.484654798812592,-0.413162718600661,-0.234851756802839,-0.670126386497294,0,0.269435218087434,0.0275086228141283,-0.478459899228809,0,0.881496354292603,0.370349682535567,0,0,0.449342100947238,0,-0.133654923537944,0,0,0,-0.251977309538239,-0.0546058039021269,0,0,0,0,0.171962961959742,0.0244898280835463,0,0,0,0,-0.482820860398971,0,0,-0.0640237447998347,0.174643073725013,0,0,0,0.0299314762383834,0.287828792981681,0.0328469644916502,0,0,0.496387425880835,0,0,0
0.927957293300106,0.254199428727032,0.433437221281368,33,0,0,-0.238882882008566,-0.0783737580819483,0.318854958209846,0.41819016548653,0.242111353085301,-0.119898652658702,0.281308291738388,0.0908398347228663,0.10590041818194,0,0,0,0.0276743201429515,0,-0.487827249809044,-0.415139161575523,-0.231887947440355,-0.658949764992464,0,0.283206871096609,0.0294806989909052,-0.48208978060168,0,0.88108786641295,0.370423134739599,0,0,0.450343422192438,0,-0.145545586755871,0,0,0,-0.251797710451003,-0.0763244904723366,0,0,0,0,0.180139674343324,0.0413899609052166,0,0,0,0,-0.485881181023866,0,0,-0.0760969238030331,0.183719264901568,0,0,0,0.0427025567752453,0.286630373166942,0.0436952765798968,0,0,0.48981371313655,0,-0.0188170651346766,0
0.944465568613502,0.24373341273104,0.433329980653824,34,0,0,-0.243904173618876,-0.0751096140802125,0.305383737926417,0.400645591037661,0.249004772995456,-0.120630209058795,0.28127440472314,0.0894115962578162,0.108111844475563,0,0,0,0.0368187186644671,0,-0.499960291134977,-0.416607431755197,-0.221090771368252,-0.630036798624671,0,0.320001356518791,0.0303158144358308,-0.495729524050707,0,0.881865525389868,0.382254685096443,0,0,0.455362324533164,0,-0.182059952346124,0,0,0,-0.250074457936891,-0.125043698501188,0,0,0,0,0.19347965737252,0.101995064931139,0,0,0,0,-0.50241387187019,0,0,-0.0967884516332281,0.205260009617638,0,-0.0515030313838453,0,0.0827639064302854,0.293732859099879,0.07860118134945,0,0,0.477830897864117,0,-0.0631616713564934,0
0.948861767456213,0.240634176482773,0.433191069905055,35,0,0,-0.245664403886787,-0.0746090551630877,0.301027276985517,0.39481671850792,0.250737622980826,-0.120780487659615,0.281577999461189,0.0887872855673207,0.109018201214685,0,0,0.0039068022900784,0.0394734209562319,0,-0.504060604892803,-0.417221858468875,-0.218223635480986,-0.62168300525529,0,0.330074863589646,0.0308218872291568,-0.499080722706706,0,0.881225151274425,0.385363797264957,0,0,0.45649351216668,0,-0.192855762986827,0,0,0,-0.24937721285722,-0.138437763705797,0,0,0,0,0.19639564614756,0.119693506693812,0,0,0,0,-0.507343363804804,0,0,-0.102913722263027,0.211205272682144,0,-0.0662797647439745,0,0.0945002298995597,0.295500834056142,0.0887427418949715,0,0,0.474668629549027,0,-0.0755000365360505,0
0.949541531538903,0.240059423535492,0.433193651141859,36,0,0,-0.246005608538082,-0.0746447224059568,0.30039706618105,0.393948146871673,0.251055596176935,-0.120892300894626,0.281605951990958,0.0886656873169148,0.109061520122092,0,0,0.00451636489197196,0.0398618430037424,0,-0.50440698125566,-0.417220527201125,-0.217794593758364,-0.62049428299995,0,0.331713315782774,0.0308017571260352,-0.499524566281237,0,0.880940080913261,0.385687083461881,0,0,0.456703322022234,0,-0.194443632753388,0,0,0,-0.24906950166288,-0.140513607418869,0,0,0,0,0.197100392604244,0.122206550854241,0,0,0,0,-0.508055159397803,0,-0.00103940343541396,-0.103590486634851,0.21223364427829,0,-0.0682340497147587,0,0.0964134635106068,0.295792982466977,0.0903916967152682,0,0,0.474267428542974,0,-0.0774344704811603,0
0.958162933113256,0.235559559347492,0.433166566598182,37,0,0,-0.249223596304511,-0.0742878493033751,0.293119702175536,0.383174932435682,0.255818798894764,-0.123452235799288,0.282706256966485,0.0880623572990153,0.107669832530789,0,0,0.0135861855874325,0.0437186082659587,0,-0.507588105058351,-0.41798519923979,-0.212523203717276,-0.606574755546917,0,0.35191025963416,0.0267848681551034,-0.504018303244608,0,0.876235060591681,0.389033282511661,0,0,0.462165335031376,0,-0.21322072354524,0,0,0,-0.249376775943443,-0.163689717446157,0,0,0,0,0.203202779425557,0.144227909420282,0,0,0,0,-0.512180900540744,0,-0.0136251175324632,-0.112997440886667,0.224005264537127,0,-0.0981315464769424,0.0305432504947027,0.116102670731148,0.297701794180413,0.104672129079961,0,0,0.469505038570647,0,-0.105070845933709,0
0.961405773254878,0.232973735822434,0.433038439345956,38,0,0,-0.251095611762909,-0.0748237313783384,0.293232849197764,0.380530732847846,0.257335947455474,-0.124806589727075,0.283977990545589,0.0873710354402044,0.106886007272896,0,0,0.0160920396186325,0.0451324380991124,0,-0.507965059842738,-0.419414676914297,-0.211733480002775,-0.602505872053302,0,0.359983005097719,0.0262523666481358,-0.505796789167082,0,0.878025561286697,0.392738905421854,0,0,0.464840565764301,0,-0.219146686572913,0,0,0,-0.250857115076541,-0.167053276676503,-0.0197318689281777,0,0,0,0.206649218306461,0.153000271243124,0,0,0,0,-0.512141812392332,0,-0.0169460676283305,-0.11475943152768,0.227283542303527,0,-0.104930309305543,0.0410205936735325,0.121868282368528,0.297960167650657,0.107838128438637,0,0,0.469373991439723,0,-0.113685261163877,0
0.963100882774326,0.231743329236292,0.433180168391555,39,0,0,-0.251914526803218,-0.0750348236220864,0.292924468977927,0.379469830023737,0.257986012375727,-0.125449800499263,0.284696568192227,0.0870291653623588,0.106540375471696,0,0,0.0172419853119364,0.0459331059196738,0,-0.508120892747081,-0.420009534183563,-0.211234690295993,-0.600210421568669,0,0.363577304922774,0.0258813686692847,-0.506892053779684,0,0.879325117543082,0.394823211860201,0,0,0.465680099252232,0,-0.221943657342205,0,0,0,-0.251835137544869,-0.168654581158849,-0.030201220796338,0,0,0,0.208423739088453,0.157300023770554,0,0,0,0,-0.512278609965472,0,-0.0181498101146995,-0.115858306876853,0.229025451637164,0.00305740545061323,-0.109226708098061,0.04608611671914,0.124196046773773,0.297695908480861,0.109214268646293,0,0,0.468964891572371,0,-0.118057690625174,0
0.96398005920244,0.231104340109466,0.433349523779361,40,0,0,-0.252414830673332,-0.0751200128646028,0.292672153562453,0.379049548613372,0.258343989316061,-0.125707194113187,0.28507825838573,0.0868705852337824,0.106395319182245,0,0,0.0177430084443653,0.0463001003132727,0,-0.507940394018035,-0.420161178839847,-0.210945049967536,-0.598874497595832,0,0.365445464629366,0.026000566050286,-0.507233213848948,0,0.87996790954807,0.395901651842471,-0.00170486990045583,0,0.466050151725004,0,-0.22284607745341,0,0,0,-0.252297570685773,-0.169802791555742,-0.0355322136022724,0,0,0,0.209141717740945,0.159626138627487,0,0,0,0,-0.511804382436571,0,-0.0187634073403207,-0.116295572218487,0.22978785282885,0.00469343870052082,-0.111186120413032,0.0484464163527945,0.125391777136731,0.297377513431669,0.10991577429498,0,0,0.468701506735121,0,-0.120271465168193,0
0.977087472156859,0.222150886580996,0.435108104460033,41,0,0,-0.261787783921788,-0.0781640468230826,0.288940653021846,0.372925822792039,0.26381412361303,-0.130851611692068,0.291360112320008,0.0833186537965097,0.106108176257864,0,0,0.0260103899727891,0.0531537676823159,0,-0.508476445865967,-0.420225726027696,-0.204713399841007,-0.578268198026066,0,0.394053410679121,0.0263404564131093,-0.511565610530654,0,0.886032108278883,0.41469732411085,-0.0234154295812689,0,0.471768099316993,0,-0.239461618149555,0,0,0,-0.260412748685328,-0.192338380971234,-0.120656348114975,0,0,0.0249983742402838,0.217899717390006,0.188810136124929,0,0,0,0,-0.509812489729924,0,-0.0282588393008869,-0.1226975055609,0.242166975518047,0.0309069572311475,-0.142974406008587,0.0810199652880407,0.142058324403912,0.290835475561814,0.119970657570262,0,0,0.466932889919057,0,-0.150041982671873,0
0.981594371390469,0.218763077057024,0.435822379142414,42,0,0,-0.265775657433729,-0.0795705315473832,0.288372255843514,0.371318819350802,0.265773124547993,-0.131709805611971,0.29316484917073,0.0820409267523646,0.105877288705664,0,0,0.0290346121385272,0.0556076533033461,0,-0.50837931340258,-0.419588584483878,-0.202293448059423,-0.571489658784564,0,0.405281189353976,0.0259470435851057,-0.511786404307663,0,0.88710147110753,0.422157607517888,-0.0305747223810165,0,0.474396570100119,-0.00862612200507079,-0.243326291951797,0,0,0,-0.263248881409921,-0.199784635529961,-0.14947021215187,0,0,0.0338160100896422,0.220987667330964,0.199552784712768,0,0,0,0,-0.508662059288468,0,-0.0315060493040391,-0.124837786325686,0.24663457302471,0.0393379591898246,-0.153906675947134,0.0919509350662113,0.147941132730709,0.288386782707802,0.124184123137961,0,0,0.466810512845931,0,-0.16113905238793,0
0.985711573640563,0.215857757296722,0.436528056764268,43,0,0,-0.269481133781334,-0.0808847688629525,0.287754806893132,0.370126415882532,0.267267072604157,-0.132563604993957,0.294892934867134,0.0810232751820952,0.105791201194095,0,0,0.0318979755808242,0.0580425547245193,0,-0.509133284779734,-0.4189162898977,-0.200310652397192,-0.565441441695628,0,0.415514597137309,0.0256107074152133,-0.512295134374073,0,0.887979015290385,0.429635440037368,-0.0371218604538725,0,0.476035865182887,-0.0166210085292626,-0.247073183498488,0,0,0,-0.265784786276965,-0.207344127747926,-0.176088335137985,0,0,0.0412009485421882,0.224121446593728,0.209279635101041,0,0.00441418623426235,0,0,-0.508545282171812,0,-0.0344496464313882,-0.126958190538567,0.251075102837465,0.0469340619914763,-0.163818024877011,0.102431357236934,0.153255588875017,0.28629762572652,0.127617390051644,0,0,0.466590365820286,0,-0.171958814556365,0
0.99294734255794,0.212911934997382,0.438781232738836,44,0,0,-0.272660453647379,-0.0817516835627663,0.286315286996344,0.369524231670423,0.267862376048829,-0.135371564260261,0.296285296375856,0.0797451219409944,0.105812892835436,0,0,0.0361448298263048,0.0627353583342134,0,-0.511539425491628,-0.416815823488949,-0.197922551499924,-0.555408418825093,0,0.430057663267087,0.0262196298943147,-0.514493210871245,0,0.889936577548739,0.442522069854699,-0.0479326154806842,0,0.477081228516991,-0.0282001793941724,-0.252711931062515,0,0,0,-0.271152021976415,-0.216398148350826,-0.214466749775763,0,0,0.0517152815205364,0.231140255546926,0.223146861619565,0,0.0136065964477696,0,0,-0.518770358994115,0,-0.03783468321616,-0.131789345960776,0.257861822479856,0.0573260401067079,-0.180275391177229,0.119139557817727,0.158388457294964,0.284785287133072,0.12799559322721,0,0,0.465768351385673,0,-0.202050497687392,0.0264283870330535
0.993188636898766,0.212833353483754,0.438858471938731,45,0,0,-0.272742561339899,-0.0817230102791295,0.286387635334258,0.369494418838498,0.267913580060362,-0.135488574038297,0.296317337121876,0.0797485881803607,0.105892812333625,0,0,0.0362525914208408,0.0628548671841504,0,-0.511590660806287,-0.41686311547091,-0.197954645304191,-0.555293616263409,0,0.43055118812628,0.0262393489077543,-0.51467059411277,0,0.889970858341846,0.442832269982292,-0.0482766758663352,0,0.477285706353655,-0.0284697534905891,-0.252981252495407,0,0,0,-0.271422241266302,-0.21665514093623,-0.215609793799179,0,0,0.0518299502362749,0.231320342037281,0.223405293633059,0.0010984181821245,0.013832424288313,0,0,-0.519427286926619,0,-0.0379360811458449,-0.131865425459974,0.257994566452877,0.0575807891123419,-0.180767317393305,0.119637069629687,0.158548229959252,0.284764651375225,0.12799737643888,0,0,0.465867311811489,0,-0.202995786559918,0.0271159076119929
1.00603621703995,0.208741629017118,0.442940274323713,46,0,0,-0.277319088233751,-0.0800894982206395,0.290135771207346,0.368203161565218,0.270361764437921,-0.142218917972783,0.297915959060948,0.0799837657926334,0.110724357600095,0,0,0.0423175757653285,0.0695033967424481,0,-0.514506399142333,-0.419513581736869,-0.199364226794907,-0.549369297081697,0,0.45884989996393,0.0276879870944069,-0.524947685018778,0,0.891548337579232,0.460327949877361,-0.0669015968801862,0,0.488504867538954,-0.0432693238345423,-0.267987357654424,0,0,0,-0.286866767352631,-0.231353582548061,-0.279306745740935,0,0,0.0576804353625511,0.238300161179295,0.236173178351473,0.0619792678525484,0.0254465217913731,0.00896293715352157,0,-0.558056731170383,0,-0.0438664356869658,-0.136159214019926,0.26534645055532,0.0722166499254994,-0.208917061963027,0.148028365556553,0.166864800340617,0.283630179999396,0.126787254236031,0,0,0.471590615130243,0,-0.255394501871137,0.0663364012637326
1.01103284932506,0.207066509704359,0.444318187021397,47,0,0,-0.279546120185164,-0.0801539129864771,0.29065420301525,0.367173028789076,0.271763016693982,-0.145288482182323,0.297280203840859,0.080298733043643,0.111973977235984,0,0.00608995767772269,0.0446090868164091,0.0720070590028473,0,-0.516317391437198,-0.420685258230699,-0.1999336977367,-0.547940733662584,0,0.47017678487698,0.0268112146808884,-0.528903660750546,0,0.893085154167325,0.466935366028346,-0.0732412147603507,0,0.493772749632819,-0.0504777464305334,-0.27504404592776,0,0,0,-0.292295412220926,-0.238284285503524,-0.304849505375701,0,0,0.0609703831450404,0.241659419638609,0.241724861296022,0.0875159738750268,0.0295213893090447,0.0125835531982932,0,-0.574011390700909,0,-0.0475782895048592,-0.137183807752218,0.267838268448144,0.0771383808298076,-0.220182905234992,0.158853862234464,0.171327566562543,0.283827662646203,0.126542423241483,0,0,0.474073036006087,0,-0.276986232984704,0.0826967776352669
1.02616402386501,0.200964278245575,0.449295217987861,48,0,0,-0.285079289616897,-0.0796200492936,0.293091964858091,0.368150401572567,0.276770410892742,-0.155409764038892,0.292121877457527,0.079172531772282,0.116099839567186,0,0.0239483981846728,0.0546001586064015,0.0779540364969503,0,-0.523453255790045,-0.42709418461427,-0.199912615776813,-0.545076209594767,0,0.505451847213086,0.0239790294504428,-0.538012301492926,0,0.894791305185749,0.488562094858468,-0.0915720904481835,0,0.505974587218421,-0.0778905942297022,-0.292062644039072,0,0,0,-0.310052291232472,-0.258148293033071,-0.38807784748779,0,0,0.0708384102633378,0.249620821441213,0.260748661377398,0.170388468429225,0.0439646937454959,0.0237203397014876,0,-0.620679409557968,0,-0.0581748164998895,-0.13993638230083,0.277464661964271,0.0958163020835124,-0.253710031420249,0.19413403602518,0.188208336970292,0.283897203881372,0.130514994728381,0,-0.0343052166897855,0.481329823960989,0,-0.337438558655835,0.144390607906314
1.03110306476273,0.199362779842293,0.451642422148995,49,0,0,-0.286566668423565,-0.0788414158047932,0.294308744252013,0.368532907573245,0.277670004101344,-0.158169733333639,0.289678650039961,0.0797966583853561,0.11779399636634,0,0.0300097698788838,0.0574509418187663,0.0791522113664668,0,-0.530457490827976,-0.430254771972482,-0.200199756121515,-0.544693754554992,0,0.516537279719812,0.0229566636208024,-0.540443035825527,0,0.895895872524706,0.495178735741841,-0.0981517064247251,0,0.510412852706459,-0.0864020810448131,-0.297739199242126,0.0118720816551239,0,0,-0.317962548541547,-0.266706429515507,-0.41530998549585,0,0,0.0729438256843521,0.253349254300327,0.267791321989457,0.198742143752382,0.0493270861445005,0.0277835537369033,0,-0.639078947945484,0,-0.0622580705091519,-0.141199508296223,0.280525372220365,0.100592400031818,-0.265713670118824,0.206970212873071,0.193990774355582,0.283637838640991,0.132080973962397,0,-0.0470644935477192,0.484235037424193,0,-0.358641445541716,0.166637548220718
1.03167770743153,0.199161305805109,0.451942433913841,50,0.00110766309651607,0,-0.286767692723601,-0.0789413082485952,0.294103081689718,0.368446663358796,0.277691926932329,-0.158470881078941,0.289396932843028,0.0798686674352163,0.117953266614656,0,0.0306146168853774,0.0577366853105782,0.0793334637071895,0,-0.531699623548357,-0.430824751798652,-0.200262089631784,-0.544791556034448,0,0.517790520622653,0.022849034687803,-0.540734571049889,0,0.896197224968343,0.496070561687003,-0.0989047085670024,0,0.510949060073276,-0.0874036621015786,-0.298406316458779,0.013254666669019,0,0,-0.318966076471674,-0.267668866320361,-0.418475774921739,0,0,0.0731695512464339,0.253670366604053,0.26904404258668,0.202032548357351,0.0499984915265209,0.0282120402535854,0,-0.641238569137774,0,-0.062678201284876,-0.141342797621715,0.280936006273504,0.101183647657648,-0.267244533889482,0.208302420386988,0.194629385723716,0.283724069339633,0.132448462855299,0,-0.0485720510271922,0.484619717150492,0,-0.361113790739066,0.1691730361121
1.03980496381432,0.195960726802109,0.456058825922831,51,0.0201127659737837,0,-0.289568571613424,-0.0793943815006749,0.293240885868464,0.366230518805397,0.279307227882215,-0.161549439199777,0.287804620907662,0.0830919627828298,0.122017138187357,0,0.0375152213671881,0.059958225518885,0.0825362998310064,0,-0.548734669585316,-0.436846373576551,-0.199016347444184,-0.547778454809594,-0.0270817319990498,0.536788153250683,0.0166569150915327,-0.546187545523016,0,0.904475099243939,0.509424653663319,-0.109678019147907,0,0.521633206712107,-0.10092236745742,-0.30997181636197,0.0338618187933191,0,0,-0.332148975437909,-0.280900355348474,-0.457435714896457,0,0,0.0785612560472386,0.262172902817001,0.287224504569439,0.249945365010877,0.0596965021007865,0.0331955690033222,0,-0.67312036696049,0,-0.0684106011264903,-0.143101704628114,0.287988377862668,0.108493251696793,-0.288425226808085,0.224755392173557,0.205388501445652,0.28432140786231,0.137494828533174,0,-0.0666869390974736,0.491140331541064,0,-0.398777168959146,0.200703866937954
1.04072736040391,0.195543675109799,0.456446624334326,52,0.0225723500052854,0,-0.289908426193051,-0.079589142353412,0.292916788278125,0.36579073917522,0.279464115720797,-0.161871687705478,0.287577172947258,0.083447996061539,0.122346140056369,0.000767998727462633,0.0382895088567706,0.0602872042442364,0.0828192113018709,0,-0.550773625491198,-0.437597882670739,-0.198835210185905,-0.548106606583151,-0.0302216342420582,0.539181053947087,0.0158076678923679,-0.546742854027815,0,0.905454018873515,0.511063273783113,-0.111138988472194,0,0.522869285845343,-0.102558372625604,-0.311487070788507,0.0361265157006466,0,0,-0.333553369000202,-0.282411273064646,-0.46205828707025,0,0,0.0793287879742306,0.263264305571923,0.289276283155807,0.255664020976929,0.0607097999543022,0.0337404648590273,0,-0.67698861483594,0,-0.0690898130576419,-0.143357192166043,0.288891315379767,0.109480349906174,-0.291200894504323,0.226774631587173,0.206744553787638,0.284351138914623,0.138152307808506,0,-0.0688596260983514,0.491971420537516,0,-0.40323314445245,0.204453293758336
1.04091146486837,0.195462286396496,0.456528013914112,53,0.0230045139500811,0,-0.289982551435909,-0.0796140137621264,0.29287044755203,0.365710810219731,0.279511986062133,-0.161962836146658,0.287552522474042,0.0834909540625201,0.122433265373763,0.000914544495717731,0.0384502527394371,0.0603390167149897,0.0828589725313989,0,-0.551163643704535,-0.43773230837128,-0.198799482254387,-0.548154206973407,-0.0308418191997408,0.539685856224162,0.0156499919566708,-0.546837840204392,0,0.90564272484673,0.511393956038758,-0.11141202726901,0,0.523102826798293,-0.102886893838129,-0.311743743303997,0.0365665241480226,0,0,-0.333821394618998,-0.282689902602458,-0.462988608982089,0,-0.000263279042114706,0.0794597463943536,0.263479631487907,0.289738629878515,0.256879205889737,0.0609452446208099,0.0337967383900407,0,-0.677727337230896,0,-0.0692033886207377,-0.143421011171529,0.289062807553044,0.109690260401998,-0.291746726261715,0.227152536779814,0.207023590641581,0.28436663799154,0.138273346493241,0,-0.0692848429501909,0.492142280518144,0,-0.404106378167803,0.205194412882896
1.04667945844608,0.192214936734574,0.458121464415736,54,0.0363146407690874,0,-0.290738491091518,-0.0813920074556379,0.28963894577149,0.363208684414579,0.280674203090525,-0.166954954729247,0.287169136193615,0.0849656600384339,0.123812815886594,0.00339183044936273,0.0421378174735804,0.0609967645774666,0.0832170072400426,0.0138326490165145,-0.567007469656396,-0.441460489818084,-0.198494277838205,-0.551485898796639,-0.0472425906376483,0.554679062284057,0.0111317757792835,-0.549726659900158,0,0.909872441056336,0.522908290854372,-0.121343984338303,0,0.527774185197571,-0.113727632857735,-0.321989455499933,0.0508174431122757,0,0,-0.342533805162976,-0.288581938556251,-0.491003963988295,0,-0.00956465510619386,0.0838234542179482,0.270444744053347,0.308828467356215,0.294959960311601,0.070760923966235,0.0359781739102491,0,-0.702587973518778,0,-0.0721931963854522,-0.145187833354589,0.294387213648362,0.113861788938972,-0.309001103877141,0.239404072043861,0.216223772859364,0.285607634628797,0.139661406071275,0,-0.0842536948740042,0.496953355073542,0,-0.43185511946955,0.23088887662778
1.05037412582443,0.190272966693129,0.459328325067616,55,0.0469368761323795,0,-0.29094818680702,-0.0829899106067005,0.286665211288678,0.36108474688232,0.27985428992046,-0.169339170095823,0.285825954309054,0.0872125815282904,0.125096716878142,0.00571743649565036,0.0452694875732039,0.061259999597159,0.0832271174438892,0.0231428199764678,-0.57794239136446,-0.442635325468813,-0.197376675144264,-0.554779546560667,-0.0596766188176621,0.563951526970256,0.0062753857418984,-0.55145688224831,0,0.910139502618148,0.528438805875338,-0.127688756264733,0,0.531487121961091,-0.12161154938036,-0.32742771196823,0.0596505239633371,0,0,-0.34724709134257,-0.292515595038348,-0.510278470466535,0.0168472451304995,-0.0158197458537885,0.0857892937441293,0.273350909345845,0.318373912075153,0.317725956560168,0.0766377112079594,0.0387424418292106,0,-0.720412110835611,0,-0.0748322919665616,-0.146054216880839,0.297680061131667,0.116919303370734,-0.319815990976853,0.245993285772308,0.221785483630632,0.285377369946058,0.141999774806919,0,-0.0933217454478358,0.499175753686717,0,-0.451049675849095,0.247585051991314
1.05474385178289,0.187299906511894,0.460397276790854,55,0.0588259901049911,0,-0.291280414379565,-0.0845238051936812,0.285472037810172,0.35720549711136,0.279566680898721,-0.172831496292665,0.28469181596505,0.0903921490115802,0.126240792750628,0.00877171987934511,0.0491233811400738,0.0620571805242373,0.0824053996973324,0.0337277841250411,-0.590197844161756,-0.444740899401514,-0.195609378070394,-0.559243270383735,-0.0757710682054979,0.575448794395007,0,-0.553016928031566,0,0.912149816301664,0.53338477983376,-0.135882371641387,0,0.536755243044614,-0.130855762129856,-0.333773899361291,0.0690612345043085,0,0,-0.352631306619409,-0.297805765959871,-0.533086327962157,0.0358101528396708,-0.0243024549815395,0.0868157020478422,0.278514357822844,0.3324332992269,0.344714219092117,0.0832268397644944,0.0423732230578312,0,-0.741348539475983,0,-0.0770687929965945,-0.147362182889554,0.301788506134312,0.120936042201546,-0.332339424450272,0.256545886586182,0.229833592017184,0.285432184227611,0.147243219003685,-0.0154298779136331,-0.101861596809788,0.501958987982041,0,-0.470127687362799,0.268184585572364
1.05539470078162,0.186876229419532,0.460572507934788,55,0.0606313480340432,0,-0.291370690804012,-0.0847656105518384,0.285310216473283,0.356650617159983,0.27942313628718,-0.17338048986943,0.284564169136716,0.0908883765302758,0.126454529823271,0.00920082933574238,0.0496433536652271,0.0621881986637543,0.0822364823475865,0.0353824174076909,-0.592183857091952,-0.445134685822472,-0.195409747560493,-0.559913711232464,-0.0781096961426534,0.577077364298594,0,-0.55319119414489,0,0.91234060917114,0.534139943582645,-0.1373129987544,0,0.537457451973684,-0.132236914495005,-0.334666270286107,0.0705346846663076,0,0,-0.353523672742052,-0.298607743857128,-0.536710471995831,0.0386170766654233,-0.0256557096473139,0.0869189083432153,0.279161307495446,0.334630620390424,0.348934000663462,0.0842820343684737,0.042959027259115,0,-0.744650791302449,0,-0.0773554972531556,-0.147560575582863,0.302386266743063,0.12156990755303,-0.334208850803459,0.258103504803603,0.2309983375067,0.285506335864056,0.147953327141334,-0.0178060015010104,-0.103221194792064,0.502363491323411,0,-0.472983311845551,0.271451813400711
1.06575283664082,0.179285883705109,0.462352321431929,56,0.0937353737937756,0,-0.293571148685169,-0.0878062145426697,0.283912072691543,0.34604760860381,0.275342538408667,-0.183361400271769,0.283017375993643,0.0986166977674691,0.131196230295768,0.0173479031789312,0.0595503572033153,0.0663770421760648,0.0814585537020896,0.0606191148878311,-0.624624471919642,-0.452225932994308,-0.190870837626854,-0.57005658687876,-0.113951991287114,0.606564877506704,0,-0.554709226737061,0,0.912644258501715,0.543866586608752,-0.160217483052972,-0.0275968246527217,0.546528047090253,-0.153059169429555,-0.347093369425147,0.0966081132370428,0,0,-0.365699759928335,-0.313355850262169,-0.596410598432236,0.0870783697035815,-0.0473847286616128,0.0921569439862896,0.297301668720857,0.369159895622115,0.420254824987761,0.104987741849033,0.0537642877852835,0,-0.798252017241063,0,-0.0799483546594849,-0.155754052456358,0.312649751884738,0.13549651015636,-0.366577930198085,0.283726604795796,0.250332744648113,0.284890168616536,0.161596033523801,-0.0604392766041964,-0.126250475767486,0.50861840944754,0,-0.521046664822252,0.324817659161841
1.07489742175891,0.172102801654252,0.463540993925094,57,0.134201384676876,0,-0.295241162885122,-0.089918920736663,0.278181086403014,0.332748385253246,0.269726980269832,-0.194251522712315,0.281380284925977,0.108227220435493,0.134703027689348,0.0265030188336313,0.0705134361804756,0.0694757143399445,0.0809957336121781,0.0875711055856072,-0.655103455670107,-0.459407804591742,-0.184679569051198,-0.581129246879483,-0.150789958340977,0.638709903881056,0,-0.558579888209522,0,0.908112955327747,0.553487752785639,-0.186610220117719,-0.0576968191590612,0.556745046356837,-0.176691504588415,-0.362405263452403,0.123190772372233,0,0,-0.378947997803593,-0.329695396433385,-0.654096551291388,0.138318420966339,-0.0716421176606535,0.094913155672529,0.315729778337509,0.405657225534266,0.501338837618911,0.129927551955804,0.0690371341624697,0,-0.85427498158574,-0.0175266592219228,-0.0745760431844971,-0.165385661176146,0.325615271993582,0.153333421360881,-0.399718607196207,0.312376186398557,0.267934033608838,0.287685314432651,0.175124998025525,-0.104389227090524,-0.149667522180727,0.513092965239614,0,-0.575584075464545,0.383452072447449
1.07528497330553,0.171746110216859,0.463545266107522,58,0.136157698816056,0,-0.295293581812054,-0.0900260034774588,0.277859044738005,0.332094388047543,0.269479695688062,-0.194759939462336,0.281226095502992,0.108686715898607,0.134896656262808,0.0269092997182245,0.0710222594761326,0.0696060466135032,0.0809774537847813,0.0888966188384541,-0.656632726773775,-0.459758030779646,-0.184327960084069,-0.581604694230105,-0.152525166391229,0.640125332919106,0,-0.558753134752872,0.00039271874076679,0.907932231581641,0.553926587591778,-0.187928001566696,-0.0591658063071882,0.557172172918641,-0.177804594342386,-0.363152625596123,0.124485484217912,0,0,-0.37963010016334,-0.330476368294913,-0.656906982019007,0.140738357698121,-0.0728204952830355,0.0950057953727667,0.316553569420805,0.407485920465385,0.505283345375057,0.131127177017412,0.0697739309838084,0,-0.857063465927349,-0.0183547402674674,-0.0742628932595937,-0.165833614648381,0.326262560017982,0.154222666338272,-0.401366197464465,0.313722986553529,0.268775032496082,0.287788197137131,0.175817364851202,-0.106535895336991,-0.150822641489872,0.513304981308322,0,-0.57821918332203,0.386316456661492
1.07954795129531,0.167175077701914,0.462777693079708,59,0.158550460846569,0,-0.296523749412213,-0.0911390086778523,0.274951817933575,0.324904628599558,0.26649363762568,-0.201136174293215,0.279878016449595,0.113244623148116,0.138166494197115,0.0315265925755752,0.076719275659923,0.0703099267626673,0.0808658136511766,0.104903747918715,-0.674707817515813,-0.463405714318681,-0.180299142818922,-0.587413177745013,-0.171970943462771,0.655708121056148,0,-0.56099742201163,0.00599357211338814,0.906791556649541,0.560069268045747,-0.203976790006017,-0.0781336708630159,0.562862985430022,-0.18983578211619,-0.370790123134849,0.140774027880786,-0.0109117727148318,0,-0.386758495501085,-0.339041347651178,-0.690024881303269,0.17302458193453,-0.0870663653542437,0.095718389796583,0.327663175805472,0.427389200492836,0.550657482195799,0.146345973383004,0.0785204728131146,0,-0.890274833347027,-0.0278017515592845,-0.0693549276254038,-0.169557731890469,0.333974926966689,0.165121203466141,-0.420836819645431,0.328650522063924,0.277858913951497,0.289502218725538,0.184276579401955,-0.130132559063474,-0.164163430944926,0.515842815168705,0,-0.610727864938627,0.419721275205746
1.08470570481208,0.161255501046011,0.461246724846567,60,0.196814865257082,-0.0218688539597207,-0.298213562638563,-0.0894485428306231,0.269984187741145,0.315329829399028,0.263303356604991,-0.207844005385982,0.279634440861279,0.119172884791607,0.143976250581175,0.0391039676386789,0.084766045215231,0.0726638986426505,0.0823803080290079,0.128643038916486,-0.699164284101566,-0.473983700546457,-0.174234197306638,-0.597249583075395,-0.199206325042428,0.684225751372029,0,-0.565930969230524,0.0173529228954082,0.910899508364402,0.568104382309639,-0.227420675774858,-0.104917668402957,0.569936325051466,-0.206791616327154,-0.385127455755195,0.162406294845861,-0.0260858753238651,0,-0.39873069112444,-0.349624000532274,-0.736328388163649,0.218937070760559,-0.106293905526329,0.096308844939397,0.339675770287704,0.457412634055082,0.617244623598721,0.167616038398749,0.0944663298438607,0,-0.942136837525227,-0.0417580589071246,-0.0620171804910371,-0.174775893620156,0.345051611519156,0.179862975405071,-0.448622083816104,0.352057444829829,0.290051642024419,0.292260600739497,0.192996969513595,-0.165481422359006,-0.183251267376417,0.522515138273073,0,-0.660612778799877,0.471963871237687
1.0867094192412,0.158828821599416,0.460552573302805,61,0.215740280512339,-0.0317740103223047,-0.298989262342861,-0.0887056140745499,0.267255043721795,0.3108749383829,0.261027606036293,-0.210339834584864,0.278727256251072,0.122578616467819,0.146224246849831,0.0422879122964356,0.0879299145519158,0.0740458532978509,0.0824790257527543,0.140026051389291,-0.709640241589979,-0.479506579992864,-0.172101052397834,-0.6006138223794,-0.21241360753593,0.69792625435127,0,-0.568787078086127,0.0223949196279862,0.912194716345425,0.572397837306904,-0.238448342701693,-0.117473029423973,0.572575485663503,-0.21513774022726,-0.393480416076054,0.17278540992086,-0.0341349702573418,0.00789279238008433,-0.405480428425075,-0.354509468529288,-0.758847084000552,0.240686254776338,-0.116102245199067,0.0957294127481333,0.345271844127594,0.471535381782716,0.64997465099651,0.178451517740251,0.101238362274424,0,-0.964895630488436,-0.049300988628944,-0.0589345371380032,-0.178741666552723,0.349623943727035,0.187716414272641,-0.461661691667255,0.362120360243426,0.296074930376885,0.293386416424937,0.198297456452218,-0.182667600141384,-0.192365333688392,0.52532342381444,0,-0.684180941596433,0.496438687184711
1.09043168271797,0.151404316542806,0.456615902878113,62,0.260606850270465,-0.0563080837148121,-0.298096623368775,-0.0861043319890918,0.259411297141008,0.297891402596256,0.262789716680739,-0.215261906732494,0.273890539475514,0.129351621191312,0.149266417223521,0.0523331882644854,0.100113176681968,0.0763970685066011,0.0861802819271806,0.163757033906976,-0.726456958146099,-0.487471884719812,-0.161759521010497,-0.609637304803976,-0.250171300502976,0.737946551575462,-0.0642600890201195,-0.579614527513091,0.0359372492127297,0.923425641746356,0.581872650676856,-0.252269503912526,-0.148160330971389,0.585556860944308,-0.236048431837476,-0.417306226196018,0.194289533269051,-0.0536625945183608,0.0223439474106893,-0.415885416532528,-0.36613673141518,-0.800626106760273,0.29717505500059,-0.134567178227978,0.0981317241629387,0.367705040996138,0.500816610970108,0.718869190194159,0.200273795062151,0.115708468674201,0,-1.01173105065897,-0.067505653972208,-0.0542250773563942,-0.187313573323751,0.362744463337878,0.204542410979143,-0.494835714456635,0.389422831225728,0.31375343316133,0.291798862666677,0.216016811470008,-0.220815135017837,-0.209636933799759,0.533355673747041,0,-0.743178761921004,0.545371552050462
1.09273499710041,0.142604465046164,0.451010316024415,63,0.303797676758533,-0.0812394635735266,-0.29634077266932,-0.0830702184422033,0.255059823873464,0.286803664902732,0.263050767110059,-0.222935974176574,0.270259380577371,0.136266048046393,0.15127365682284,0.0632476194419581,0.114144920952093,0.0790168428719181,0.0902777691852856,0.189821090675613,-0.743447376225631,-0.497567212481817,-0.154038115769721,-0.621513288208686,-0.290709105047436,0.780531629008768,-0.131060106894174,-0.587585089282126,0.0521415109223822,0.936721212791214,0.590826364070103,-0.269377658746446,-0.182364450350408,0.598403465944135,-0.255904558566848,-0.439927799365487,0.214873228686554,-0.0758111189853467,0.037182252320515,-0.425851723892344,-0.378036279841441,-0.848315038515975,0.356892882216094,-0.156020875511971,0.101359443249113,0.395149496386462,0.53479178249243,0.790362797593321,0.22405357172596,0.129779516399857,0,-1.06416360395387,-0.0846236092630495,-0.0507067140770704,-0.197417976077701,0.378099360773283,0.222258209017876,-0.52381016658496,0.420916242813694,0.332877460728296,0.293318348866362,0.234140609684474,-0.261612268132675,-0.229110581798051,0.544430070164311,-0.0173421660200928,-0.806605111700728,0.604379707082222
1.09294798652433,0.140218241439545,0.450016223193537,64,0.31476854265752,-0.087563701353845,-0.295548885436757,-0.0828990612813084,0.254303140621951,0.284876745101441,0.261997395367277,-0.22492923043817,0.269073803338718,0.13726204647074,0.151801650479617,0.0647847111846366,0.117771233169459,0.079810527605277,0.0918972988569124,0.196120045988169,-0.746096477899665,-0.499377351092214,-0.152444602377266,-0.624189374747642,-0.300817888047374,0.790630848725279,-0.147405382239054,-0.588577064068867,0.0558287667411366,0.938886738795764,0.594490950551508,-0.273359538971365,-0.190754491140356,0.600007295404587,-0.259233447979252,-0.443640896813695,0.219252920729484,-0.0819014764882306,0.0410549258436327,-0.427135947153676,-0.380617152515175,-0.85702488459195,0.371533679653607,-0.161541075001806,0.102100011786766,0.404693000612291,0.545474201778487,0.810090571729857,0.232325393886851,0.133065468738748,-0.0185541016313226,-1.07428183727009,-0.0902807951317952,-0.0480383336326038,-0.200880640153629,0.381682368781632,0.225792253601061,-0.530755391046218,0.428965235025839,0.337813251011688,0.29453055660643,0.238854269232722,-0.270605196015208,-0.233841269726247,0.545976874334958,-0.0227378882696642,-0.821040616001244,0.618557274101642
