"X3111.11111","X1221.1111","X3231.1121","X2331.1211","X3331.12221"
0.0934669899387499,0.108424389278255,0.0803176564901818,0.0656888146753769,0.0688855280589598
-0.0178964583631336,-0.0104322585180838,-0.00573062027272497,-0.00771164392766034,-0.0175907944396058
0.00589669103846016,0.0172658521604486,0.0423591826469506,0.0325238743344856,0.0106241884161248
0.02044248655616,0.0258714033608451,0.0368418848077705,0.0372173196620065,0.0382749811599218
0.0498364305051107,0.051418261711925,-0.00677547097200609,0.010301817468414,0.0211305737464792
-0.0240079074245669,-0.0217304882824445,-0.0353144720659066,-0.0363594258696013,-0.0218524753071048
-0.00490581516565754,0.00312968941989361,-0.0502539693488395,-0.0443498464711491,-0.00251524853032125
0.0547272476614849,0.0593332107405772,0.0489467394542737,0.0432788889802857,0.0608922649740894
-0.0266725535900798,-0.0229350173432103,-0.0650514188881134,-0.0572686702833578,-0.0374787655285758
0.0075926521175188,0.0312596528254765,0.0317719293115572,0.0292311026689312,0.0251489592725275
0.00470696862616343,-0.00915463883922286,-0.0253899258083371,-0.0282113767014997,-0.0194955120205467
-0.00967300951701863,0.00185617309715354,0.0275878599166146,0.0285559974931942,0.00679483499309586
0.0610819588188763,0.00489262114191003,0.0589162590317096,0.0474125118986009,-0.0117620062372774
0.0222419476657104,0.0356310726057755,0.0358264300813716,0.0289031309748772,0.0363699077449296
0.0630607442198445,0.074909536553663,0.0534600285186299,0.043896911869335,0.0309133661500306
-0.0128649638662503,0.00310626959513149,-0.0209730799078365,-0.0167354511532245,0.0141272789555875
-0.00751510193618592,0.0441690585765021,0.00053022055954552,0.00431208836182961,0.00013818849269759
0.0068104998015752,0.0134742215515203,-0.00480204545591079,-0.00166228677971234,0.0353281125179398
0.0482584200478333,0.0290609083064733,0.0410103685372374,0.0406824618014484,0.066760633499109
-0.00944402883857381,0.00045082873545096,-0.0123399068252149,-0.0128759519358629,-0.0076208047616777
0.0570077956381926,0.0487180850296593,0.0426274814750354,0.0335537476025533,0.0418654002347628
0.029522028797899,-0.00343620192251803,0.0224230721258245,0.0186751629478891,0.0186503712141736
-0.0004759138435018,-0.0140676050371227,0.00368133998235727,0.0160385123301062,0.00021791097731762
-0.0262057034861714,0.0073912253019857,-0.00302092405415812,-0.00622997344995944,-0.0173630808894204
0.0727795824695151,0.0616321545906086,0.0295366721648073,0.0347902358703721,0.0690592005617996
0.0389918128222884,0.0291291440308231,-0.00869433860047256,-0.010816621660961,0.0293270149327006
0.0202577519798498,-0.0082743984820133,-0.027840168906055,-0.03558756771253,-0.00105477772084032
0.0149408718024325,0.046938070376439,0.0120267812328958,0.0179171548872973,0.0126525018955511
-0.00317709595212543,-0.0182255463894737,0.0432204236716176,0.0360034143308827,-0.0035500962550963
-0.0753971306813404,-0.0901819985002141,-0.0637059740275084,-0.0658477061773691,-0.0843076737988344
-0.0004309137519255,0.0324603257203256,-0.00363882863383449,-0.00565953425776974,0.0335532802036995
0.0315300074373541,0.078503468338426,0.0230737484219634,0.0140366985926769,0.0497818463791155
0.0342925251105988,0.0542046444943719,0.052506128264778,0.0442727919742876,0.0296740334032327
0.0635797565385797,0.0650889831128099,0.00097427127205207,0.00148499183734409,0.0732392493213174
0.0564443018750801,0.0335487676885148,-0.0160178858647495,-0.0124938038907347,0.0433317059893671
0.0463849368962623,0.0808043604091215,-0.00421569004975145,-0.0147800250294813,0.0413706287934817
0.0916298485019271,0.0855300460221685,-0.00254147174797672,-0.0108967281071243,0.0389334528649111
0.0869209035251282,0.055440668063773,-0.0228432441218285,-0.0279378447128287,0.0342542154739644
0.0134974847877091,-0.0177164993157089,-0.0336242075503138,-0.0283582192510536,-0.00249446408178762
0.0734175865889163,0.0611955935685518,0.00093445149134714,-0.00105494110644675,0.0089641772876855
-0.106453217374535,-0.11852898258796,-0.054318835768635,-0.0485649644517816,-0.0887443467752549
-0.00797134945286896,0.0013903631204208,0.00514429885481553,-0.0170365573159685,-0.0248548822929747
-0.00253917003287966,-0.0253602426615696,0.00234512299090032,-0.00039207774253335,0.00634355970158914
-0.0995256162812795,-0.10058945830794,-0.0629585341044922,-0.0890217600445034,-0.0892904914777467
-0.0291795071224886,-0.0307049953975361,0.021047794385356,0.0307928072233831,-0.0202552786050847
-0.0375282826069714,-0.0273099960227698,0.0453050729374944,0.0513425033012593,-0.0456370171029734
0.0085893867533086,0.023336222461982,-0.0170767277854096,-0.00583284044487291,0.0700334608673533
0.0240310914760419,0.008401875106633,0.0312507464298055,0.0346620681535618,0.0339269921016325
0.195200828983271,0.166124087501588,0.0671646394059474,0.0346782402403931,0.172407994333577
0.0855378985571756,0.0470101591575168,-0.0085456416150716,-0.00712884900742039,0.0524816536286036
0.0330957136074199,0.048979114783187,0.0173488211371218,0.0083575403163351,0.0701704150785306
0.0468191215539087,0.0268086590958926,0.0077180049330714,-0.00254427677200061,0.0263402543591149
0.00286240459747311,0.0079162046377399,-0.0253831367565624,-0.0407559583046614,0.00438427352800217
0.0760888898577571,0.068635310711914,0.0164717498859883,0.00031269681678754,0.0863163320809641
0.141968927798361,0.0802092529403216,0.0587140460497395,0.052246650893131,0.0898994732356567
0.0116904443466235,0.000652211862368811,0.0165582615737693,0.0130429208629149,-0.00855452153796566
0.103644918232813,0.0817253845634412,0.0076456048210387,-0.00213226846270573,0.0648211436549216
0.0568686137314053,-0.0357527111742204,-0.042449891366953,-0.0452961223346779,-0.0029861152696156
0.0089573265358508,-0.00858039233239533,1.825439329225e-05,0.0076278043632654,0.0099580673365949
0.128981437202769,0.109969124700728,0.00463933997697731,0.0132697523924956,0.0922761719449836
0.09851802798405,0.0314206906697087,-0.0236040274847027,-0.0193633764347411,-0.00307257671513633
-0.0490640098138045,-0.0573669330722753,0.0099442963076514,0.00183244357683012,-0.0910435653664712
-0.0131253523321357,-0.0279040336625899,-0.0490266658491414,-0.048139453591363,-0.0279224021990573
0.133788772070434,0.143615381299958,0.0695532111592723,0.0739428949257703,0.150740108737025
0.194567972087409,0.115040042311005,0.0170965536779154,0.00323839029757382,0.111726691790285
0.0279444634207848,-0.00674975237256792,0.0352852391575442,0.0379945019419054,0.00331447040374174
-0.0232525781635264,0.0072517088781371,-0.00294525177338461,-0.005716142033715,-0.0599423999256424
0.0346218892753766,0.0357456422067969,0.0261517139066669,0.0157192066637355,0.0408467522677004
0.097860244372651,0.0803228809189759,0.0743202441993395,0.0703686588139935,0.0688135212184825
-0.0188844085572448,0.00014498846401768,0.0248230774501419,0.0227859403327066,-0.00479777068368031
0.0637704151021383,0.0817201326534081,0.00361800507879134,0.0112106679254676,0.108722318858752
0.0530682239615755,0.0273327642234166,-0.0597159364882614,-0.0640984819504423,0.0254481950273234
0.0381473585699438,0.000175437838680069,-0.0217216861334809,-0.0131110067012294,-0.019591259195964
-0.100301172080239,-0.119855198042222,-0.0528160375248396,-0.0515509443168734,-0.124973042696124
0.007736402081663,0.0298536008444353,0.0297405502921218,0.0181373289380724,0.0272622797540014
-0.0174439972157673,-0.0109721785198834,-0.00445962783141365,0.0024561294023261,-0.00010492329708966
0.0339471147100654,0.0161133554156852,-0.0344622915511882,-0.0414574845213159,-0.0330105206300474
-0.151108457220163,-0.15142175609239,-0.0438541468884105,-0.0415218059087108,-0.152234719437699
-0.108018829760879,-0.130112236686854,-0.0187266699367126,-0.0363537005064506,-0.139422923198593
0.0209838485350748,0.0258503763796826,0.0248436595736334,0.0265064446391109,0.0398333222481083
-0.0564968839987903,-0.0362824379187872,-0.0274890977858883,-0.0258459965746446,-0.045074698233159
0.14460035743149,0.095614447791069,0.0237292101898329,0.0457865167553914,0.139684199904088
-0.0975031533954582,-0.0614915883631416,-0.00062347070897153,-0.036169594648682,-0.107017494835593
-0.152508846121307,-0.114488607339823,-0.0253749457191949,-0.00984971603270859,-0.125303012795637
0.0611741624001913,-0.00638227931077048,-0.0613194748482342,-0.0779789207452643,-0.056560960175302
0.0281543595786533,0.019940230616794,0.0257178107650761,0.0556225794766745,0.0063167668533765
-0.0330220981610439,-0.0435920855019194,0.0129812131630806,0.0083997379135532,-0.048587039079699
-0.17873199328153,-0.210138398914779,-0.0693024411317279,-0.052961884779455,-0.218094579517211
-0.0864059453948763,-0.102033826712616,-0.0478029320258243,-0.0533351920147183,-0.0922501344340659
-0.0949969638179876,-0.0919194664347521,-0.0530696548238278,-0.0409526536039412,-0.134951285242692
0.0105382180667792,0.0384602439010186,0.0721931627357187,0.086271767718297,0.0172971212959035
0.0570378699556623,0.0607567568157711,0.038160790273072,0.0657538606927083,0.058856796938491
0.198898281398711,0.130830333518753,0.0197571704501474,-0.00689659683936528,0.231846281812519
-0.103102467538582,-0.0928963618779451,-0.0305745590497252,-0.0400340244546753,-0.132684713256931
-0.0643035817367482,-0.0424059630659226,0.0540355326462167,0.0545158886165141,-0.0342854015597754
0.068514695467014,0.0580551443605955,0.0406595087532194,0.0376706937629373,0.098568915847665
0.261585055550143,0.166935297643469,0.0314633262371039,0.03646657434332,0.189756825719071
0.0740072784511019,0.04351443654343,0.0137509965947127,0.0118100650069008,0.0711490635119914
0.031745169747328,0.0401132529243278,0.0328593983006046,0.0335024983033743,0.0523628694965765
0.0201150466825465,0.0151545037128608,0.0351610847891215,0.0185650394637875,0.007844373380856
-0.0590239495784191,-0.0833160743758381,-0.0441178950144987,-0.0490044796001579,-0.0817868009338235
-0.0531870422968557,-0.0446856447927954,-0.0217573574006906,-0.00650287379786795,-0.027149054058122
-0.0669655414772839,-0.0715433390681736,-0.0515817364237537,-0.0422114399055148,-0.10016540739549
0.0208836590067235,0.0309908334720087,0.0779314049728655,0.0527645619711341,0.0106937056665529
-0.0179099816597306,-0.0344238586493707,-0.0246280176065121,-0.0294928229829688,-0.0162789579391148
-0.0607921289756253,-0.0938423905748394,-0.0404366118206697,-0.042586816949847,-0.0733878413966262
-0.0558581513899231,-0.055360288695396,-0.0102382184116963,-0.00049368954170495,-0.0369957587588562
0.100630592414967,0.121562242030214,0.0914984626192037,0.100584469539447,0.136007761382072
0.244537329637645,0.152621679410046,0.0513485045729524,0.0534311936264409,0.108850113968403
0.076765703531248,0.0392004146710435,0.0406914776934507,0.0350563719030726,0.026868455275664
0.0096818088153993,-0.0246869543573916,-0.0111324773147662,-0.00892768774865595,-0.0160053508668657
0.0103662333731117,-0.00318368764970561,0.0182974459604673,0.00285405183788721,-0.0205143095920303
-0.0333390836067591,-0.0442936464017915,0.0019703660802588,0.005820362700612,-0.0336620242799381
-0.0331417366944033,-0.036140072303372,-0.0246190352694609,-0.0349061898233643,-0.0457648012338835
-0.0262443889056614,-0.0473133838705809,-0.0231078601924505,-0.00499768519441039,-0.0509592717868524
0.00820565125825,0.00090228572929912,0.0599101196871811,0.0655739248123846,-0.0431190810404676
-0.0366729869855961,-0.0580396224139633,-0.0446470080792537,-0.0274338389564019,-0.0661227983442899
-0.0406933100624067,-0.0464303063387101,-0.0186422475522276,-0.00753140103273802,-0.0403448989436686
0.0056240577811397,0.0371082573688463,0.0670736148671401,0.0386954488255906,0.0375766847041852
-0.0597587350895921,-0.0160326106999787,-0.0190604883659781,-0.0212781186304913,-0.0331005929709557
0.0497160284732549,-0.0166439988676187,-0.0315149526504834,-0.0323068826483923,-0.054180116183914
-0.072375820208352,-0.0772288233495426,-0.0655117248384333,-0.0705448275075395,-0.11136008075011
-0.0289772680123444,-0.0434451305421908,-0.0232249612966939,-0.0123458426299819,-0.0522317875596735
-0.070951515850825,-0.0571130672925244,-0.0458439874034481,-0.0376680997789621,-0.140253205153756
-0.129529182351301,-0.116443784865952,-0.0646089995121258,-0.062253644471321,-0.12047437237132
-0.0309829859494449,-0.027111832662465,-0.024055395569429,-0.0250283326838138,-0.0446639327826551
0.123708963648932,0.12323455117175,0.0759190820910148,0.078899976571404,0.212199125052398
-0.0702014892059394,-0.0671427298939855,-0.0399091024938708,-0.0369308673004835,-0.100230652539467
0.0369963523525487,0.094404533028855,0.0729550409588306,0.0738880163512583,0.095066156061231
0.0194709387351004,0.0408621469655158,-0.0172404562492551,-0.0201437042814986,-0.0072406914534923
-0.19806991832547,-0.179888537322636,-0.162014728901692,-0.173075347095456,-0.231553781817538
-0.136355944971604,-0.0606002872648523,0.0220372423368715,0.0216051742649604,-0.0914165793418765
0.342291126583915,0.24870530880476,0.0469304180882361,0.0521824871067617,0.183331937693735
0.0081068861457205,0.0091152496301224,0.032818197213219,0.0349050965151282,-0.0221628445028908
0.0243090144503592,-0.00695343132079448,0.00512523608701179,0.0095457146058153,0.0142951070599362
-0.0324091269890687,-0.0625443061909968,-0.0254483077199821,-0.0190868639348668,-0.0905670882671793
-0.0789486123917814,-0.106152170416113,-0.0549987888777552,-0.0456196407831757,-0.088723196679648
-0.0283987038640009,-0.0281136578126374,-0.0458958774813661,-0.0439926032820426,-0.0612049266534953
-0.0192472727198217,-0.062824382302992,-0.0358374347651251,-0.0558115147261267,-0.077768946690931
-0.0547161742116445,-0.0861080120495181,-0.0864264515951484,-0.0751770482438822,-0.108364039714292
-0.0851434591468988,-0.0791480594833858,-0.0789401318935081,-0.110479111046407,-0.0972469700160176
0.0594746074599896,0.0827194867433293,0.12862215792111,0.159245741401188,0.0662017813855224
-0.0615986535492033,-0.0803841028832774,-0.0178920784280161,-0.0125462547019966,-0.0835443664342199
-0.15944796460987,-0.11781236898274,-0.0251430408061479,-0.020067551311343,-0.121261366673944
0.463917416463706,0.379648031139111,0.186180572058434,0.151368842245219,0.438093241749793
0.0735193699235158,0.0444852669215495,0.0453360930558907,0.0570802808403184,0.0147832991020168
0.163399501592724,0.0820858847239048,0.0496835165151752,0.0395968207178737,0.165196659292009
0.0279747740951965,0.020546070979011,0.0341701469263038,0.0095748763222113,0.00322615654284519
0.0940211827828295,0.0625550800437382,0.0597326547960158,0.0957063685085275,0.0869510845679711
0.1016895940682,0.0873805787196816,0.0647267889465911,0.0775031239935517,0.114815850207877
0.053128193695686,-0.0269523038882782,-0.0192346476757885,-0.0577516958245044,-0.00694760327668488
-0.0600738321590294,-0.0753409336447843,-0.0143082279221767,-0.0413384332284422,-0.0867262015739368
-0.0378503497808357,-0.045816104838471,-0.0214849820193866,-0.0446250358760122,-0.050206136080046
-0.0236396432594377,-0.00879020700659035,0.0610062458717388,0.0926846241233743,0.00159154686564364
0.0109221143603883,-0.0137581360396121,0.0297300909811384,0.0343420310914561,-0.00329967055661774
0.0292749682883137,0.00072029706136472,-0.0134825552745171,-0.0455918582369353,-0.00723696135143747
0.270064400435456,0.253660024281344,0.157551486936586,0.174299104260768,0.206948630016808
0.26519003299922,0.137829601374279,0.0241921455687361,0.0547665535631601,0.104966915470214
0.0168409346994726,0.0283925645856761,0.0228996174563736,0.0297861968736559,0.0171682549412941
-0.00550424366580128,-0.0392746772394623,-0.0139612313928462,-0.0378693343637856,-0.0288714713836075
-0.0266572416786142,-0.0396548321156685,-0.0119495730717017,-0.0255395278353114,-0.0296010671600465
0.007556617243203,0.0152680245420952,0.0468679522311366,0.0623119760675363,0.0212813595897609
-0.00110262305514023,-0.00684294932094593,-0.0109552432648461,-0.0141199736689852,-0.0081962648230565
-0.0447162055768022,-0.0438008224951321,-0.0132418286896949,-0.0176607071970734,-0.0328438036614555
0.0077256304529013,-0.00125663158041356,0.0229063182312033,0.0284039133880732,0.0156117651004709
-0.0463162747991536,-0.051943835819429,-0.0429174958362629,-0.0347306652228773,-0.0316130056454525
0.00371018357041399,0.0244245781868402,0.00485783249470706,0.0078978808278079,0.0461825397983719
0.116209149154715,0.113842304141237,0.080676248093391,0.0723474920431109,0.130391378610307
0.117688797407986,0.0488665743170645,-0.0257448435499369,-0.0338385893275603,0.0214385382919829
0.0204560016500154,-0.00775225327258068,-0.0127955920572026,-0.00996793799602276,-0.0286592617657567
0.0086290132688012,-0.00315494319091096,0.00461323282031931,-0.00591509631413711,0.00429110859090363
0.0084106168074437,0.0133604259724254,0.0135477513937268,0.0188945635015414,-0.016093002026359
0.0152331090774015,-0.00461331296983325,0.00337544273904148,0.0130402941317754,-0.00976087548147724
0.0427027930884188,0.052969355264216,0.045209721762946,0.0352695556797988,0.0645483233896695
0.0437579942794119,0.0196905130040003,-0.0214515498877829,-0.00129242683451605,0.0217355394334721
0.000957771004001099,-0.0151882358976596,-0.020911967562588,-0.0133142601513494,-0.000452249948778031
-0.00895862300916794,-0.00265791088432191,-0.0119025824653959,0.0056449802657901,0.0177335768073928
0.0040069246199707,-0.0379371173417882,-0.0407522559332109,-0.0515036237093558,-0.0442592146558425
0.059492875648721,0.0831467920603443,0.0711961746522311,0.0402179201486021,0.0866796629726726
0.0036790005353329,0.00113218870410656,-0.000220181554047021,-0.00044313903152129,0.0351832571624719
0.022380050711666,0.015980653202318,-0.0347785026611249,-0.0503356256144806,-0.03334550139724
0.0365613546988171,0.0181144063120931,0.0162058933257536,-0.00553338228925847,0.0467769335141336
0.0583301935604895,0.0896240419347696,0.0575331587247107,0.0448506376020537,0.0771499300943399
0.100132009572478,0.0739894632793157,0.0653983189773884,0.0539051614165145,0.0904207546426718
0.0914287232263427,0.069019991050343,0.0531734641704216,0.0441045781845869,0.0758205119714816
0.0550138957051183,-0.00568125242972483,-0.0115345954575302,-0.0123762257776999,0.0040899901043503
0.0245651445149686,0.0377319339490188,0.0310499455630727,0.0756261837596212,0.0577211858192438
0.160544757833392,0.0811248037833829,0.0503968911778612,0.0541338428912506,0.082416717212022
0.0575142766985204,0.019216172049613,-0.00996443988183756,-0.0217541250251137,-0.0117190231054741
-0.190313453203887,-0.244188482655692,-0.13846574868215,-0.105191016921156,-0.268249215363694
0.0027622316626888,0.0314466779240616,0.0247644139846567,0.0284130810683959,0.075038896311879
-0.032429855945903,-0.00911834301025463,0.0111638853567447,0.0144344825281579,0.0129461480662454
0.155968387851167,0.138579805304504,0.0695339522279572,0.0169828707788865,0.105811159456915
-0.027307212241287,-0.0275891255352962,-0.0307427821838026,-0.0364713226960977,-0.0343193103621306
0.0521112278736865,0.0771635859130264,0.0679546853042035,0.065201245545801,0.0834420838270894
0.0578763971988481,0.0162314328060002,-0.00514786661016079,0.0065842423311984,0.0116073626765171
-0.00143267330452201,-0.0229940979664058,-0.0326679163887805,-0.0329423653711363,-0.0146053934829814
0.0606509088318039,0.0413486025838351,0.0515429364365539,0.0378580538313615,0.050964050698623
0.00281876712918637,-0.00391974510985464,0.0351395522109928,0.0213601249037407,0.0082504224833921
0.0659426514160214,0.0791845141677949,0.0814154160671771,0.0172606098766692,0.0868560385846141
-0.0045787761190996,-0.00803009225630004,-2.75321360166097e-05,0.027859819148363,-0.0132047817727756
-0.0922183007861339,-0.133144711701964,-0.0639986244411177,-0.050699028313433,-0.138771568462734
0.0111098120081268,0.0745292958970684,0.0486442165082229,0.0519239983041286,0.0688748022181371
0.0548280348285967,0.0680349697458212,0.0384972303456761,-0.00592683675675095,0.042779722354434
0.150466143038254,0.139238398296407,0.0721737720777091,0.0751816751391578,0.09737036198709
0.0208605389358078,-0.0309664742391028,0.0015384031424465,0.0066189587615938,-0.0243137831055519
-0.17184120783581,-0.206069120424471,-0.160599000664585,-0.116582770223877,-0.214568629584131
0.025104156082702,0.0416066807312708,0.0178894276431934,0.017274673688598,0.0451750349066078
0.0454828246027293,0.0589280106552318,0.0314953578345099,0.0097329200777919,0.0627430427345034
0.0148810289672034,0.0306272751440049,0.0404392110792747,0.0408853509441852,0.0239933707177491
0.06990529596132,0.0617592083437445,0.0520525856693006,0.0085771874044744,0.112528227227993
0.0765409010899251,0.0630267533471945,0.0386191865242548,0.068035096813188,0.0810455287062323
0.0700673589022716,0.0329914132914055,0.0034051225682963,0.114573514578042,0.0360519298795346
0.0286795469296806,0.0362833916384728,0.000931204117889,0.0337518681549078,0.0494997615355682
0.0154808809261853,0.0457962591605947,0.0246296096953941,0.0147316842936491,0.0872762078654433
-0.0426533073252672,-0.0445096322273,0.0238233038655868,0.0153231688293027,-0.0587660682776999
0.0302885002681441,0.0167350137637904,0.0101814980507653,-0.0320864105320006,-0.0292744504149834
0.0156872508770079,-0.0126185921248326,0.0450199680213673,0.0143087765173801,-0.0330781351448019
0.0608243978038265,0.058550633412397,0.058545831939528,0.090677899195037,0.074160310194798
0.0506738280064119,0.0130487978078257,0.0269759693691001,0.0545995097207442,0.0333653037166555
0.0071527904086048,0.004054563956708,0.007303806348901,0.0023428000690199,0.0172332166782507
0.0205344166073629,-0.0190519540435455,-0.0497960208474186,0.0061111765148505,-0.0301030172529376
-0.0114366547031077,-0.0477263562608748,-0.0310750135310066,-0.0286453429731986,-0.0319697896643337
-0.075833210302641,-0.0937259266330084,-0.0809413847764407,-0.0695864716766887,-0.128930099680038
-0.0822603751125103,-0.117101138755227,-0.0629279298470725,-0.0591457573483717,-0.140708860153823
0.0066109110924431,0.0579797694048861,0.0697847993734823,0.0636599583260973,0.0926333916959435
-0.0136721122490548,-0.0127654784515818,0.0479070144712821,0.047333352580431,-0.0137312608333531
-0.0360816592198986,-0.0454995317182004,-0.0136143851068928,-0.00801795150666838,-0.0594386715320106
-0.00529404146098729,-0.00710055477212289,-0.0348029617063354,-0.0282025656366041,-0.0355579430219187
-0.0220561840002551,-0.0558926083022941,-0.0400707578208519,-0.040869280876142,-0.0685622382918313
0.0104319099238939,-0.039299715169317,-0.0187989460768877,-0.0148091381754553,-0.0344674271188295
0.0584227901580994,0.0437838353436513,0.0686328379522287,0.0602218958748129,0.0386556443486546
-0.00924243179722263,-0.027616257276302,-0.028702431424212,-0.0363990415695124,-0.0336345225214873
-0.0247436035857879,-0.0527057117779783,-0.0281319359543097,-0.0278752095539361,-0.0828478289550905
0.0119572254982922,-0.0285546893579722,-0.0157051741443998,-0.0226496342369929,-0.0476481808251777
0.0136254361062297,0.0181536655773384,0.10626837149159,0.10968713758895,0.0447091710449088
0.0492463747454804,-0.00820747768163757,0.0195116267742963,-0.0093822828017475,-0.0293387478966422
0.108077911602237,0.111479880706628,0.120191992090382,0.0832310049564698,0.1375958512471
0.131685334372389,0.0668286348887264,0.0727326666835192,0.140734851230252,0.0890506023694465
0.035658657810343,0.0116286348602677,0.0044295593040008,0.0439576413036355,-0.00487826231002594
0.262344106276375,0.156472475776431,0.0526413190345162,-0.00777915773520709,0.12668110674161
0.095705905757183,0.0186145722805649,0.0296027463154923,0.0202488163070733,0.0077477920177459
0.09574368927252,0.0379637205579519,0.0420347516836711,0.0599249137427629,0.0109971706791974
0.127166636161649,0.092946959614703,0.0673476119576816,0.0696559447275082,0.0399684371003594
0.11057946173273,0.106038970428624,0.0158102030894397,0.0096362156247164,0.153860001780338
0.0920552680410867,0.0515421638827279,0.0333537313938725,0.0309270902634613,0.0337824322932854
0.011216203388164,-0.0516579487573472,-0.0230440757014877,-0.0316446090730279,-0.05603615244561
-0.035314721442153,-0.0846687628778662,-0.00557503607688842,0.0127463466718545,-0.0622317294244951
-0.0164352869243349,-0.0582724913254307,0.0273273309890809,0.0091903469735131,-0.0399421861605544
-0.0492747650674007,-0.0987071643445123,-0.0343507706039288,-0.00997391862483087,-0.130530173811693
-0.00829859434891146,0.0112682036758294,0.0289755273176073,0.0297347815420933,0.0176433408617574
-0.0324386305640592,-0.0596111870591569,-0.0105800616987902,-0.00973298043977787,-0.0580652714911142
0.0842865454880755,0.0165294278434716,-0.0267215355799099,-0.00204795304671347,-0.00572095045415876
-0.0589531646228938,-0.0733439670129905,-0.0528448444473855,-0.0239051427709391,-0.082558612142815
0.0351786527263381,0.0060986139467265,0.0168980136659271,0.0067762293743944,-0.00017774979684678
-0.0335297786703013,-0.0522320588391663,-0.00264030416414888,0.0076698060389436,-0.0737946868516861
-0.03118283112442,-0.0790520942063781,-0.0616977227036237,-0.0617713793082938,-0.0719395665531221
0.000362711323109369,0.0080371063274351,0.0173273583853352,0.0341703633402333,-0.0164126343485451
-0.0682782609851623,-0.104407750260713,-0.0629850516292302,-0.0520089353777647,-0.0873527265497779
0.0411829837156296,0.077893293907297,0.113994092827856,0.113694067068632,0.0881365173175961
-0.00421933448648842,-0.0269904536742038,0.009873704921159,0.0145045016329393,-0.0406760320236827
-0.0625150064182126,-0.062975182919727,-0.0157789885222261,-0.017373046236939,-0.0469302709434631
-0.0761502315142161,-0.0865857156873639,0.0048817594546913,0.0063620683479142,-0.078961270471933
0.00106201443386803,-0.0479681083758093,-0.00120660633304878,-0.00205924217471541,-0.00959626601344706
0.09574055222764,0.138850787101489,0.0534281322577883,0.0447076818779835,0.166552517031629
0.129347314140933,0.0426748715609048,0.021809183718192,0.0221877765373965,0.037484198154482
0.0049982474001848,-0.0110127999897504,0.0369925061696193,0.0411721321851912,-0.0299309316505557
-0.0303656529448743,-0.0404201831484395,-0.0120226091453314,-0.0125684691438809,-0.0427476080213277
0.0083015442467405,-0.0229747219540397,0.0555483871881037,0.0539210460189146,0.005802787378432
-0.00655208605102877,-0.0223841753136938,0.00418084616490247,0.0061510585624538,-0.030687865668226
-0.00356723712884145,0.00321445214659005,-0.0204488419896552,-0.0225433729640559,0.0089895117341647
0.00499917512049069,0.00470093667771533,-0.009879044669409,-0.00845431384265026,-0.0256785841929401
-0.0727077754577571,-0.084462549787072,-0.0258406040366785,-0.0172235760944514,-0.0965121198413022
-0.0311085807344752,-0.00282130542024311,0.0290576932817854,0.0293870933149478,0.0072005761244462
0.027488422772198,0.0404146363848212,0.0526750310093609,0.0547302190242044,0.0404473974467199
-0.0309909640760953,0.0337928816745164,0.0281899794346975,0.0255849795234099,0.00048320192742429
0.100056046115293,0.0524580833700371,-0.020372178784192,-0.0207779132767971,0.0265679994946963
0.0557138118426043,0.0401409421830024,0.0813494053551882,0.0806815620298791,0.0382551755946201
0.0551558141226623,0.0629574135968936,0.0522812898630119,0.055428897906121,0.0245082406972905
0.0238873822581485,0.0087194494641688,0.0186828721810808,0.0193874500105547,-0.00473750870976822
0.0260197834091496,0.028008059356956,0.0474081164847756,0.0517592031410792,0.0250857546603539
0.0701754616490638,-0.00650290522220959,0.0164128202273199,0.0213430471869447,0.00462623965452931
-0.0280463825950398,-0.0954646934277858,-0.0998329036082127,-0.0586988780402282,-0.1111106960595
0.00303816293954798,-0.00939862171766947,0.110491229306668,0.0930874150328538,-0.00247218148993029
-0.0376615418827485,-0.076651939228559,-0.0376927792312174,-0.0305129721201722,-0.0981088539875511
-0.0171944772157098,-0.00651031332726731,0.044356196046221,0.0614521827238331,0.0204703032868565
-0.0149494605286853,-0.0329796179684788,0.00019499441466274,0.0065550531056679,-0.0270190663826697
-0.011852654091556,-0.0646405460749157,-0.0244988588431668,-0.0324758836024529,-0.0568099767471298
0.149602690542862,0.122108269585934,0.122243282701499,0.1057910605827,0.106900501207069
0.119321155671855,0.097336547137153,0.0218044675402823,0.00247108839204147,0.0913080583676476
0.101573736162636,0.0668562962280881,0.061264975980491,0.0574560326551908,0.029118916375995
0.0163575112978533,-0.0133511967651874,-0.0211529829641196,-0.017788067737749,-0.0417350631869388
0.0225561107027943,-0.00711380116893291,0.0194367144714967,0.0171389567730622,-0.00343666799511943
0.0216388612084739,-0.0153162874467697,0.0602116207447501,0.0540678402137233,0.0251436123349812
0.0939871041452649,0.0166541693264828,0.0490680425817163,0.0397751138969721,0.0174165315101698
-0.0121699006796931,-0.0166085373419825,-0.00568780930878103,0.0261176135832399,-0.00307007324858982
-0.0117425617363845,-0.0363280506072776,-0.0103306295957907,-0.0144923544137169,-0.0304960124399891
-0.252809601036978,-0.330961171272523,-0.236050452316407,-0.226718937554816,-0.344849565707868
-0.049601881216211,-0.0855693687537178,-0.0891651405262198,-0.0776134200191085,-0.0931218220924419
-0.0517325642121644,-0.0285719762928629,0.0745148236798761,0.0582203154335737,0.0213959702039409
0.122779057324756,0.125737857026284,0.0460580130982094,0.0406804591492643,0.100490426884245
0.0501192008461358,0.0476485213470457,0.0575126670940733,0.0490164830212418,0.068174492140386
0.0438220813372027,0.0082651075967123,-0.00588997623248754,0.00329028026795833,0.0438429717881893
0.0386569905306374,-0.00060478385454095,0.0234155852695093,0.0240609554418008,0.004136397624118
0.0076138699510271,-0.0586608911142103,-0.0248521260969015,-0.0181544545102921,-0.056242988164928
0.0089251749439337,0.0126136576238974,0.015996918207949,0.0251702174845343,0.0428370658242412
0.017299807280616,-0.0156001869902779,0.0033314704644382,-0.00240958645052422,-0.0189886488409181
-0.0082412445386147,-0.068648472829647,-0.0307612510053334,-0.0388695909204855,-0.0526535329265078
0.0172450330083753,-0.012946537960783,0.0264186331857706,0.0245451645431447,-0.0203569094105832
-0.040534824846932,-0.0564523020056444,0.0471413497808663,0.0341696851407573,-0.0444345604091489
-0.0652384578294565,-0.075118417651633,-0.0165425812301211,-0.0176970065872455,-0.0685832643900832
0.0214807918207577,0.00077484694047503,0.007189808267384,0.0171388180474091,-0.0044751681440685
0.124390676071756,0.0883056370855712,0.061346748176804,0.0676411594756492,0.0551726734918235
0.000816957438761911,-0.0203591975703318,-0.00621574693713421,-0.0099108509518771,0.00313488464675884
0.0307488804813336,-0.0236452101321456,0.0231312776750459,0.0215101989210153,-0.000143808218140281
0.0215567838330396,0.0203298768539904,0.0404980566723183,0.0477580380473264,0.0224142201519762
0.0252803983773842,0.000129693571499679,0.0307159026006021,0.0343360959405499,-0.00978783912027078
0.0110821082811066,-0.0282767523270099,-0.0189573354798632,-0.013660947296187,-0.0391066920408775
-0.0136216650195237,-0.0093602736044974,0.094060303575983,0.0779638795550929,0.0118569203745768
-0.0104350298558086,-0.00411282028945251,0.0293032641775765,0.0169539252145608,-0.00032311781305435
0.0410985332743547,0.0084623467290056,0.0254417518325495,0.0184022232690596,0.0242851977031673
-0.021865908598294,-0.0819198350267008,-0.0249775049916425,-0.0228076645727107,-0.0565518544801964
-0.0555427586944509,-0.0267482233108933,0.0440731664153985,0.0348121598999796,0.000402788047535341
-0.0362018910606141,-0.0528005205789086,0.0390886091663286,0.0306700626361469,-0.0450520849931833
0.0499185490338516,-0.0520360414813461,-0.0865220066389186,-0.0907922845215581,-0.0594964137567069
0.0448082239176315,0.000713910165429391,0.0211968625739108,0.0212341878140254,-0.0229293089758692
0.0673499704818745,0.0112683565654923,0.0352371423709647,0.0304604945082605,0.0332774301252164
-0.00191943242602619,-0.0293963889379658,-0.0452248309021547,-0.0493994655887878,-0.0245131873052329
0.0153951049654512,0.028183078373942,0.0797915711872052,0.0765219064639169,0.0387024934430196
0.0253419608643429,-0.0127980838400085,-0.0346459502969947,-0.0232059981802784,-0.00712787923561811
0.0397014293539692,-0.0408656598270191,0.0231565584109223,0.0145449905634009,-0.0615550229462342
-0.0890118806456979,-0.156391613533664,-0.081056337415627,-0.0703782967841765,-0.140842711093521
-0.0291153199991742,-0.104706242421579,-0.0609413634442238,-0.0353164146036743,-0.109348774324492
-0.0627497684841925,-0.0850800807745814,-0.0279004976197947,-0.0202276630395057,-0.0846183411257881
-0.0145021699458908,-0.0194219831211982,0.0464376048790854,0.0413021616842891,0.0255329050816011
-0.0333443531704371,-0.0569302627653842,0.0200033071337398,0.0200528043544702,-0.0325307563748452
0.134554200566082,0.106387607008357,0.026782021206264,0.0089530697217601,0.0828249499893681
0.234742876440669,0.18261260576865,0.0830546299708771,0.069672850642016,0.154296484039418
0.150436345135248,0.0811660219896728,0.0209765192467823,0.0231205711040186,0.097914802083488
0.111417089076713,0.0486775152131029,0.00194514927705732,0.0175163774199476,0.0308881277210531
0.058478878552591,0.0208280966781133,0.0118855638232842,0.0107393258651148,0.0090050625934019
0.0262845964069977,-0.0584565034020792,-0.0789294432776021,-0.0468557460398738,-0.0501505952067982
0.0736174544863911,0.0214906949532909,0.0271490581946748,0.0364613628731319,0.0288503895868771
0.111609611334861,0.0102878280840539,-0.00027756378662787,0.0238813342906439,0.0297804710328585
0.00335915249705869,0.0172923908541728,-0.0284251776588484,-0.0253643312023138,0.0184793315661832
0.0584902199875877,0.039254911433537,0.0226457927396704,0.0252084006962329,0.021981181359573
-0.0016302472737005,-0.0167387991118586,-0.0445703433863591,-0.0420333296500201,-0.0254913802010902
-0.016423603844024,-0.0315377244998961,0.0834680012902196,0.0707054187900216,0.0163154296285532
0.382521332745599,0.259624260585562,0.0624098045541566,0.0103042620820166,0.114132532748729
0.198652375867172,0.088278166830935,0.0351652669945346,0.0266440436484536,0.0254415100631537
0.0236801703887091,-0.0278215983465696,-0.0247161332982995,-0.0218617793302856,-0.0290666072772533
-0.0413500769925919,-0.0785800593155593,0.0092881762899914,0.0114007330024939,-0.0699200700574002
0.0147598463931043,-0.00771278052297882,0.0159839050315644,-0.0030764799367189,-0.00346009210898592
-0.0230109910564262,-0.100566861129821,-0.0106623920577688,-0.0187637011752538,-0.0790920510931857
0.0120438364162771,-0.00117954018154602,0.0320184422066077,0.0300162713431105,-0.0131090704104121
-0.00784485327664661,-0.0648019182929169,-0.0226018263936282,-0.031655451371882,-0.0473715031175467
-0.00320036015733585,0.010395206558337,-0.00030115300339699,0.00125991839051294,-0.00165462460334425
0.0192645726354728,-0.0166579818023163,0.0110713854387657,0.0100835348344418,0.0143936828095438
0.0508335676395375,0.0646765731855064,0.0096033017875539,0.020355275283318,0.0937837504484643
0.0298877909558034,0.0562853111902202,0.0078773542431692,0.0137950637891434,0.0130857835438195
0.167381934875548,0.0882242821419307,0.0368760145049728,0.0322130926498403,0.0541939677747468
0.0288753816849844,-0.0274967583540836,0.0241511871909139,0.0248568593253092,-0.0790662583985111
0.041391465847195,0.013474985224356,0.0294642215482803,0.027891193084786,-0.00246049095596554
0.0405619514644139,-0.0104191909941844,-0.0102188581349565,-0.00590034844743234,-0.0409704103239037
0.058120627284762,0.0519015622095519,0.0215300389107098,0.0182971972953558,0.0198495959999077
0.0589365787867774,0.0303643683053624,-0.0221397647800951,-0.0159581719749772,-0.0117374615233916
0.0322524143657725,-0.00736799882742716,0.0122521627474146,0.0081099042591431,-0.00424067115347293
0.007566742616694,0.0232151646368389,0.0507384443544884,0.0446725126765392,0.0125626918834224
0.0459225119310541,0.026496946113324,-0.0161415758892843,-0.0128670500633447,0.00514827667504172
0.0660838449286836,0.0574012812063898,0.0169190025118399,0.0193344551270907,0.0568446268585644
0.0197793380185463,-0.0393340143547377,-0.0322976875094372,-0.0308272582078643,-0.051360373496377
-0.0244581720632845,-0.0128867205742108,0.012577738551589,0.0119938559442228,-0.0150482992999329
0.100703367938422,0.0411026781146211,0.0444435329150319,0.0370765946612885,0.0337107909578598
0.0429200689505387,-0.0370143115656899,-0.0186001267756359,-0.0255973600544764,-0.0491019991802544
-0.0238034601985568,-0.0651014880314567,-0.0491193619040483,-0.0527817083899093,-0.0867366968045798
-0.0238095328242471,-0.0446445277569669,0.0223896427897678,0.0277658731881608,-0.0595945209303204
0.0183133488855493,-0.0283921700633599,0.0064099062212531,-0.00232548572563647,-0.0219101014830723
-0.0310325461971012,-0.0616872487073047,-0.0357626460138863,-0.035039763462006,-0.0795578752226616
0.0115856188397083,-0.00991253499379905,0.0334327221877333,0.0386552025900768,-0.00595253493501344
0.0418015544124949,0.016062078003692,0.0382234036444573,0.0345364322256991,0.0096434575552458
0.0172474439963958,0.0121505050844912,-0.0260357581425396,-0.0275268703776955,0.0017829860051362
-0.00780930591212749,-0.0228838019088944,-0.00833406304429708,-0.0077092164342576,-0.0282978449451028
-0.0472164596725818,-0.0551221304041838,-0.0432647880792974,-0.0460773898498228,-0.0531326971925264
-0.0266773193573248,-0.0596769134024168,0.0199506685933258,0.0181343282695578,-0.0773078716784095
0.0950880904331798,0.0593894375486536,0.014651177368131,0.0139606934750294,0.0388383833541975
0.0371143601616037,0.00582938960800861,0.0341474352213945,0.0367212592643618,0.00049218442192359
0.0344422956593382,-0.00423849432904016,0.0366045698746118,0.0448061301018355,0.0097447750197373
0.0194858661290979,0.026446919557405,0.0365768761699914,0.029685255077015,0.0112696075151286
0.0145961202166754,0.0267136136145404,0.0391087608705141,0.0367524263993601,0.0287411959457117
0.0860556578105588,0.0908333460462888,0.0214362895584132,0.0180042573089206,0.0535302987973339
0.0771897214512958,0.0517835302347427,0.0276283324820239,0.0233954899063291,0.0519769686329313
0.0641716985252489,0.0724809727368765,0.00148085366079406,-0.00428849176573579,0.0310836533989116
0.0696594103430322,0.0282103087336313,0.0414070323244334,0.0429768085788919,-0.0111740388606767
-0.0613842573358941,-0.0737820937248819,-0.0120402142100135,-0.00383482558912229,-0.0822961182407222
-0.0561832417657505,-0.00014214506583987,0.0435509427574542,0.0373855633482817,0.0071542889529318
-0.0327374340762193,0.0149414129212662,0.0234894923408692,0.0220549436427248,-0.0136242651085608
0.117625629127124,0.0589195116852067,0.0279309948956182,0.0233762592954063,0.0178211284094409
0.0771194221356643,0.043405290148307,0.0093797523484503,0.00033466610946955,0.029374194390553
0.0651650056270698,0.0079426566783945,0.0153089902748378,0.0146217648991181,0.0089120065863669
0.0646791702141668,0.0692552806789614,0.0067633939993827,0.00470241479785208,0.0673619899681799
0.175178092687211,0.0694414767925614,0.0160889310310163,0.0162355801994131,0.0480519227926571
0.01424554404117,-0.0591621541031812,-0.00277950809424184,0.0103931149980201,-0.0823221895888487
-0.0816996948141242,-0.107279510768215,-0.0418972693721125,-0.0408319504823474,-0.133464599650278
0.0412210446023289,0.0324849679409229,0.0071772399265805,0.0040055610241246,0.0265317262138586
0.0228013123928649,0.0097708188567469,0.0477926027431637,0.0484633663685596,0.011960588275066
-0.0412957472930155,-0.0561556715778249,0.0131665279696477,0.0186527356155111,-0.0605596007048574
0.0110729114835494,0.00381194351420341,0.0615114439623138,0.0624165070160707,0.0182616431006476
-0.0528158621329345,-0.0124695228891634,-0.017286832283264,-0.0144227117383797,-0.00979222377180013
0.133708421958928,0.0817096230175084,0.0387364555765086,0.0417789732897429,0.0860071846329681
0.0133211181814673,-0.00844302804127281,-0.00304212811078776,0.00378986458089484,-0.0500363231110608
-0.0343575574350718,-0.0666244532101794,-0.0357529481642303,-0.0358766862155273,-0.0747446559719713
-0.0453270910509568,-0.0449253640337924,0.0392791937077856,0.0337076034178171,-0.0458347784158274
0.0424825849148649,0.0739761193003714,0.0517193168341571,0.0537821991941788,0.102718577688249
0.0266688865882643,0.0305817232176812,0.0410179089046322,0.0422494401403254,0.00323211265095308
0.0334622380542057,0.0331187778088268,0.0608246230678927,0.0625351943176887,0.0512597780470146
0.0511071049272788,0.0573411293276224,-0.0489496112062504,-0.0484747706614137,0.0569569593292026
0.0768824637187433,0.118952142049924,0.0550107395138397,0.0614488256899697,0.0942184191473909
0.030673544260196,-0.0265842512210943,-0.0319263012497714,-0.0310056677666357,-0.049070546344988
-0.0477340397657761,-0.050894217166005,0.0358055690157994,0.030319487156131,-0.0566391805576571
-0.113553713883654,-0.0576814546911748,0.0198742757563288,0.0248755283129215,-0.0592191873449555
0.0928052523059505,0.0074349733857898,-0.0155423773569208,-0.00692336596142982,0.00179103237563499
0.0521250264806806,0.0509726704283034,0.0550321575691249,0.0487104030746249,0.0375509894354744
0.040368048708887,0.0509776905587948,0.0326679997244096,0.0274247662922089,0.0391757279894333
0.0395707683695395,0.0161700138163018,0.0062325103849667,-0.0036019197999084,0.00411059812023136
-0.021586288356314,-0.0549445098475481,-0.0126139642259225,-0.0131564176764047,-0.0629247588805888
-0.0541390608297058,-0.0681674156841861,0.0148161650386551,0.0215177699495144,-0.0502095097762345
-0.00241093335703704,-0.0729355999319024,-0.0414746708589269,-0.0241959916722893,-0.0767652306148712
-0.17955239068744,-0.260048345390521,-0.121679854231582,-0.112328238374641,-0.265569172034555
0.0093977231159745,0.0607261981278889,0.0610753924588067,0.0559670515152058,0.0639471506958302
0.00095041024915244,0.0084146012334181,0.0668173309723311,0.0723895936085858,0.0418964692467586
0.145074343178939,0.104207563954753,0.053571860426864,0.052738256677402,0.0399130674890409
0.0106583691506822,-0.0184060482018438,0.0147749881709432,0.0192162395972104,-0.0178566404620258
0.206290745105201,0.122141606261354,3.21623089970602e-05,-0.0137138604097408,0.0771788208506242
0.0025809480546901,-0.0353694640568428,-0.0165268679057374,-0.0209514970399312,-0.074094041154794
0.0079852838317785,-0.0144344435795005,0.0398319922254061,0.0365258450272512,-0.0259516677022231
0.0725793872263242,0.067886407762236,0.0827028246802477,0.0741120598783439,0.116547518301062
0.0683078877620765,0.0171579705330195,-0.0203691642865899,-0.00576588709640628,0.0147823008329141
0.0167871149669815,0.0117973999772859,0.0180751243900269,0.0185671555200589,0.013639908820291
0.0692962801296955,0.0331154235923539,-0.0199125792236359,-0.0328696208417322,0.000983122410178731
-0.0466526250448611,-0.0124989502280006,-0.0432554498346404,-0.0394323415265745,-0.0747499941823668
-0.0205926904352719,-0.00433457037300572,-0.0375284201367942,-0.0403883621965251,-0.0268167122498483
-0.0174856973371895,-0.0213636910859342,0.0238962143586685,0.0276946275158629,-0.0497304892863084
0.198555908341793,0.175868272406106,0.007455722195062,0.0154615399683057,0.124124832073363
0.0812821592992467,0.161514767864997,0.0471854498414329,0.0165711583948839,0.0778398227233496
0.27593943172334,0.150254386591008,-0.0159895750026207,-0.0166247464355743,0.06698153320826
0.278307478133717,0.249362750642627,-0.0366420747277551,-0.0613647649592081,0.0773108538232868
0.0408909472762537,-0.036059436854503,0.0686020546724163,0.097579448254099,-0.0157260412381029
-0.100825936805443,-0.173055855357576,0.003850994414653,-0.00843064773051737,-0.115515323712427
-0.0704922191600059,-0.101040123460968,0.00412912421567474,-0.0265778233320785,-0.0918222299849378
0.0537810645727982,0.0949514453112339,0.0130944602796236,0.0150402797838475,0.0238316790016211
-0.037874004661051,-0.0464498412502606,0.00611093262390066,0.00282434510044511,-0.0345803202543916
0.0639544551330311,0.0611759763216626,0.0471216573249598,0.0450664307629538,0.076157452819577
-0.0166256390358669,-0.0471467947419924,0.00287906274869543,0.0096676336264066,-0.0992822231233959
-0.103564581853686,-0.0976363333173098,0.0187509359836678,0.0122025796399205,-0.113791072682814
-0.144340266020882,-0.162625686994806,-0.0160866752180374,-0.00438355774454797,-0.203026719278047
-0.152293223142409,-0.0817828088866568,0.0751084051445374,0.0600813297619188,-0.0656207938496077
0.505470215389176,0.334246313472906,-0.0360382964680547,-0.0424186108001871,0.409985173761468
-0.0456370564699264,-0.0987294326178374,-0.0071946460295179,-0.00370643548718341,-0.121428770494057
-0.0782094134665492,-0.0650365694015281,-0.038954952335867,-0.0456736196230217,-0.128434842225206
0.0353200761365888,0.0507790963253985,0.0523226212643342,0.0463352426602535,0.0761620755493989
0.113879697836102,0.0685671547492019,0.0292994069844565,0.0292278242648716,0.079360225900632
-0.0211102122067422,-0.0112659305669008,-0.0211203870677977,-0.0255571041380559,0.0232894775132987
-0.0205363011636412,-0.0511486582353968,-0.02847904123348,-0.0275613988513705,-0.0740152460946905
-0.029992465128261,-0.0628327318148085,-0.0255943980934479,-0.0261960124257268,-0.0913531918227962
-0.109732556024568,-0.152339636849621,-0.0709819634287893,-0.0723309347332809,-0.195672915359527
0.0617924463221469,0.108309802557431,0.00433911209783804,0.00450698248760002,0.161735288482423
0.0384666402771865,0.0862184599171676,0.0652395972972973,0.0650118193898796,0.108759092852596
0.0255992254074796,0.0604490519064887,0.0191561416668424,0.019460398380005,0.114057227514425
0.113581167017563,0.0162024356033501,0.0249074278210132,0.0239397868737088,-0.0465179689518336
-0.0237985712339689,-0.0702494053357061,0.0176213879123825,0.016804015037723,-0.132883955768526
0.104274288220335,0.0768913427685406,0.0284376814214303,0.0291352333257711,0.100655417508132
0.0342319042258021,-0.0424244307806749,-0.0246817576049437,-0.025078942349059,-0.0671924737116542
-0.00154399963742758,-0.0103450128980642,-0.000347550158596215,0.00110957064165339,-0.0804266245799885
-0.105944622375681,-0.0811930127337421,-0.0383481942282352,-0.0380980439569131,-0.121048871846479
-0.085610830264848,-0.129551392788025,-0.0935617556897377,-0.0920976066618819,-0.17468721874411
0.0290308554541391,0.00507952710302908,-0.0142851360923515,-0.00403329493824512,0.0304172477224377
-0.0987502941597603,-0.121416416575351,-0.122328614812128,-0.111124208788801,-0.110648117014487
0.0612938133017839,0.08481166281452,0.0802943049456526,0.0773519451192969,0.0466587560495578
0.239429842670678,0.219770298992978,0.100670782602401,0.0888651067393157,0.139330536429587
-0.0643538638071175,-0.0898349403758224,-0.114344989854537,-0.0886904545800542,-0.0442095049430148
0.0945987350924892,0.0287781104469912,-0.0497219646519927,-0.047354915401057,-0.0182519188733177
-0.00152829782914776,-0.0317437980521287,-0.00571818015025501,-0.0146238615625384,-0.0223746519488654
0.0133067142087429,0.0282763114286311,-0.00703432482651149,-0.00832014304951264,0.0205096663193372
0.107349859808196,0.131634388493176,0.0951990128907138,0.0811792760914787,0.111382180197116
0.266514106315734,0.246718697129469,0.0928423576409182,0.0786178402735147,0.142238429625307
0.144461589306377,0.0755560969325077,0.00560761038092988,0.0136604211783919,0.0470379559079011
0.100205753186747,0.0860061549587727,0.0141075686538326,0.0115346863194625,0.0609162569324714
0.0781528422896037,0.0668153285005788,0.057594948215443,0.0512626723536661,0.0575521695184509
0.12919969987251,0.0962995558943556,-0.0111825088480876,-0.014051895218941,0.0098792280480294
0.099900621403395,0.102985966840629,0.0601906659954867,0.0661869045152036,0.0770874749818454
0.0838759670466437,0.02472592611733,0.0299100369922871,0.0250849037827981,0.030819752300678
0.0326862104796769,0.029141955381069,0.0715607893885846,0.0582347627453425,0.0368324107660653
0.160792623129349,0.135473235820994,0.0262505129933982,0.0251647064656626,0.0306826213664234
0.02184043207451,-0.0151625791444648,0.020537322790364,0.0144361303037225,0.0035721128404106
0.0301569375543238,-0.0222284231970333,-0.0177925832802832,-0.0116915785554302,-0.0114709312131239
0.0051932676422702,-0.0703100305323114,-0.0191589798671488,-0.0282133022436859,-0.0390803209320453
-0.0215511488827504,-0.0321321340685619,0.0178929915410857,0.0162736507818175,-0.0155020858305234
0.00695350313994951,-0.0009750129897198,0.0253299135319557,0.0281169902909502,0.0352868621558413
-0.0639461915023255,-0.126840587596837,-0.0310454909293214,-0.0270343097049016,-0.109330765187845
-0.0205305445825983,-0.0168862036567285,-0.00401812958345274,-0.00707721034929113,-0.0210171608930287
0.0578461951867669,0.0359255730123667,-0.00531053709160804,-0.00438545734117873,0.0567969883179361
0.0234490096275313,0.0124749474449683,0.0310763540391282,0.0293085634753146,0.00343348216729392
0.178166442641829,0.0881861325405474,0.0452060997974147,0.0429448181854267,0.101962224945328
0.113808313418065,0.0811356730105635,0.0350398373062155,0.0265648109640567,0.0687503066843447
-0.0316047433587723,-0.0698838949769939,-0.0346363529227997,-0.0341991463617733,-0.0649292602682523
-0.0242582344448636,-0.0269863711483031,0.0161319455469817,0.014713422345355,-0.0173430680296954
-0.0221406065698353,-0.0919702570154845,-0.00253277540604237,-0.00028341258604106,-0.0561189178846682
-0.0816623927282677,-0.0865004052175795,-0.0280345177422313,-0.0270286769460663,-0.0622587741030141
0.0198908297022732,0.0678793993281479,0.0308721589463156,0.0285811178914545,0.0513896724364466
0.0272312333903633,0.0298772242780718,0.0099677713964326,0.0118185168994913,0.0520339682268762
0.0520049058106308,0.0859732533753131,0.025285777874254,0.0247339969780298,0.0907389224698046
-0.00050496098054965,-0.0210657329314824,-0.0231304078506091,-0.0283971442164546,-0.039629710140803
0.0168853171353012,0.0124343761453757,-0.00231189415098179,0.00046746982234711,0.0096878025991201
-0.0442922613108127,-0.0613075192102031,-0.0270858056486586,-0.0225205818162375,-0.054599420418377
0.0333139357651596,0.0201736140258204,0.0327470936099204,0.0342763390075313,0.0389413170513332
0.0217677274005979,0.0100207792733936,-0.00206165225396349,-0.00262207680206854,0.0071371931948073
0.095893090863847,0.122935856473098,0.021990190761082,0.0182767784980106,0.0880099489684135
0.00555916980743243,0.0225393279042752,0.00467001740755081,0.00065243389650328,0.00131401355415373
0.04685805958216,0.0518840393756281,0.0227411495672166,0.0184874218206522,0.0370342847110343
0.0232047224363749,-0.0236379608471649,0.0074438531997096,0.0063155810843953,-0.0177247175229328
-0.0573206080289147,-0.0892701108314304,-0.040608270635424,-0.0429107230069538,-0.0755631804819498
-0.0116112981368713,-0.0553832476535248,-0.00070483878732415,-0.00217049302133393,-0.0250274185164249
-0.0344477287696257,-0.0654288175185449,-0.0119852954429675,-0.0140903440247276,-0.0454254993321268
0.0206673783953139,0.0353498570130795,0.0202214196892932,0.0231052569231933,0.0194564225270402
0.0153807637586549,-0.0124972198644675,0.0224151047405592,0.0208456649858561,0.0066097220452977
0.0644431044134958,0.0523244013311053,0.0355086116844942,0.0347561210910016,0.0483206010182017
0.0225836144940402,0.0153798429611324,0.0125891300675838,0.0109096718377293,0.0241898317780027
0.033565730856148,0.0117184322270066,-0.00564640145066782,-0.00657158245469512,0.0091338781228524
0.0615110779774874,0.0160942969089228,0.0186554103374163,0.0189057445750328,0.00150831644965385
0.0192096631579788,-0.00265190748317347,-0.0161329559934459,-0.0186156408065203,-0.00593829692784964
-0.013916128957332,0.0124574159803689,0.010166028557484,0.0111096598370908,-0.0114937366129633
0.0304059947136851,0.0272918819788369,0.0386558506241209,0.0449501147673218,0.0420986064351291
-0.0097339768990011,-0.0155324055780352,0.0336101080648509,0.0343546277822365,0.0130792264582976
0.00097550023588254,-0.0396224645195647,-0.0220973325668432,-0.0200752775665493,-0.022910922653344
-0.0132647570618183,-0.0642572281926694,-0.0511476294127049,-0.0477127729971658,-0.0638879000023573
-0.0375871501870821,-0.0216259700720472,0.0158971630350574,0.0131963650520489,0.0030610208002856
0.0143473675242826,0.0200991979870599,0.0264926173122439,0.0280210198739794,0.0247047031315038
-0.0128968373154855,-0.004535653104615,0.0321385218005677,0.0346061828295638,0.0188690084263127
-0.123211819516049,-0.107708627276129,-0.0350414922271601,-0.0328425927173851,-0.11432157118211
-0.0458771019740942,-0.0234524178198059,-0.0120708129074047,-0.014858336733455,-0.00936998858438746
-0.0227597747327798,-0.0603626779799043,-0.0666634476182827,-0.0681300404733118,-0.0729252100923754
0.0256057559905922,-0.0436114530617352,-0.0269134545136308,-0.0218172154317416,-0.0281690138373823
-0.063155339924979,-0.0628236718425829,0.00333240618349226,0.00445452565843448,-0.0504818997261111
-0.0230888936291815,0.00574830232850043,0.0312321462371844,0.0279132789458285,0.0366382227258241
0.0239711121944997,0.0161006479083902,0.009810865404509,0.00797423057088666,0.0245810370413669
-0.0753281284868119,-0.121460013473862,-0.0739265919746236,-0.0705237169320814,-0.103552584196882
-0.0416031487568272,0.0467845564328118,-0.0239861420074658,-0.0238360510536291,0.0199346102805962
-0.0211332535752304,-0.00122835818838451,0.0275118332984101,0.0328539607666277,-0.00159453027070345
-0.173618821371574,-0.118233015662588,-0.0927637136341304,-0.094341579015635,-0.160339618113131
-0.200780318387725,-0.251745247527456,-0.199853278139575,-0.161400457644806,-0.261549822700438
-0.164719908439749,-0.189080106298502,-0.0850344322354657,-0.0599874337208781,-0.1714763741267
-0.00613006611422996,0.0103995701176254,0.0398091109031832,0.0303546664626825,0.0736085548013491
0.0914999398765808,-0.0139488828251394,-0.0895424582190171,-0.0881254598907881,0.0224948145131495
-0.0874608709377279,-0.133259227392119,-0.11175547435133,-0.102211731925912,-0.13803772975279
0.150426465459557,0.100128271104176,0.101411899847377,0.0820602980022072,0.134561927097184
0.301921117862689,0.210505921800105,0.118002022232608,0.10771081012819,0.227477622903262
0.215939569654215,0.131010914227279,0.0639938888384548,0.0527666327203073,0.172523462276415
0.0785661799973913,0.0310719515845093,0.0114077257834125,0.00581002214963543,0.0459342392774662
0.0455376064717031,0.109853234478163,0.112265490300196,0.116590325199179,0.0836553189260753
0.202861212257196,0.102024991691128,0.0530613680044368,0.0481702596362885,0.00453971835157882
0.129513017681868,0.0942805957103273,0.0374723272302947,0.0345469698390638,0.0692373984521187
-0.0669598008452249,-0.125802376959807,-0.0240093394256957,-0.0193657736598977,-0.0833122184996378
0.0125261605326067,-0.00379126823574511,0.0449346193416196,0.0510677575982729,0.0392548670206989
0.060665923870387,0.0486317364717422,0.0313401172976963,0.0296347181707595,0.0563958733139375
0.0612071148482725,-0.00625956886166969,-0.0454684564197409,-0.04251928199669,-0.0381469988360923
0.00748785015535161,0.0260314123106869,0.0410697920649996,0.0426238802171391,0.0292444523608658
0.0917751730228803,0.0986551057332639,0.0650539258689858,0.0673808316739517,0.0590012991100028
0.152868509369056,0.119519107861413,0.0313517784297124,0.0293113917711359,0.0599261897951117
-0.0794442423144683,-0.103212152659122,-0.0622391407614091,-0.0581003853549184,-0.110126334195077
-0.0864572219665374,-0.114503548779391,-0.0570701074990253,-0.0598173699868075,-0.0557132810062254
0.0425762463031185,0.0742979730505386,0.0867155381690825,0.0988742551584395,0.0585567702799192
-0.0400306132822031,-0.102414325711194,-0.0596524277949498,-0.0595046962872904,-0.0621924758533548
0.0933266092495954,0.12177875424935,0.0552761664791264,0.0712095500325589,0.150539299440149
0.0555234547449643,0.0401292615651906,0.0365467370277717,0.0462219506671835,0.062543714890178
-0.00545243809666309,0.0297190101891538,0.000142620500082677,0.00611977791071022,0.0250470288554307
0.087484244352545,0.133749499110865,0.0795475691502307,0.0867869891860566,0.0969985340148742
0.105605944469382,0.0248598140855764,0.0235540490695707,0.016232029051274,-0.0220726412781977
0.0539089843391802,0.0493234464304567,0.0410340893887804,0.0472066457225912,0.0463057899284406
0.0163803269388047,0.00679390417863235,0.00891076201945931,0.0136463779575218,0.0176123237811837
-0.0120326257773899,0.0141249251282512,0.0407878526477746,0.0375778506833888,0.0324651523552181
-0.0238241945947291,-0.0353298687494777,-0.0418028117266936,-0.0307385593209306,-0.0238466499434177
-0.0289242807034615,-0.0490547266523036,-0.0266243832411648,-0.0270408937876846,-0.0393761937080871
0.00123109141953245,-0.0324261936620905,-0.0310761332933196,-0.0252829458709159,-0.0396664151542155
-0.06956775993196,-0.133845043066125,-0.0546324236257069,-0.0511281111289772,-0.113835984220488
-0.0976680860341413,-0.149266933608438,-0.0695609735281779,-0.0617884949522953,-0.149551026599623
0.024219489478426,0.133670820666753,0.109120045503956,0.0974081178037509,0.139170302221873
-0.0351091488192897,-0.029929040358072,-0.000188098148199355,0.00385576347301602,-0.0286511448697145
-0.0155255796541871,-0.00340325022746764,0.0342653217099032,0.0317902327216021,-0.0142145032295508
0.14509411352044,0.119773904451234,0.0255984962760234,0.019720592655517,0.092637231663308
0.0593775467053496,0.0402293609222608,0.0528844843598563,0.0459505066165581,0.0166757867308884
0.0603929294357434,0.0414982071479663,0.0313744587152472,0.0209706769080512,0.00829301375960707
0.00569616755510026,-0.0399617054844268,0.00185678786551581,0.00604142707354915,-0.0358617710533723
-0.0484686596907029,-0.0812847484025828,-0.065552553575445,-0.0502474968851483,-0.101596337363562
0.01912304740775,0.0629799699938463,0.0392880537509025,0.0468664639600804,0.029721793249716
-0.00700989473419692,-0.0134326740843861,0.0111872552910133,0.0133143492202776,-0.0432050663264025
0.0115256705953033,0.0383730007729448,0.0377705476992537,0.0313790235490064,0.049649187810826
0.0724040460212207,0.0584254204382649,0.0479414041416978,0.0427479616889172,0.0557683290269315
-0.0134848814266759,-0.0609448679834083,2.13162782163392e-05,-0.00778542827895796,-0.0471699330075047
-0.0166424081361186,-0.00727982179923746,-0.00252342475005883,0.0126822842680555,-0.000914684881409458
0.000785185677946256,0.0112059427685397,0.0118679163074353,0.0046145543014357,0.0281759746627833
0.132729906560122,0.0755891491391902,0.0558444725552255,0.0538789287011485,0.0664963000461935
0.011269291071351,-0.0105951423537108,0.0147310190802742,0.0199892888419814,-0.0124679225520917
0.00471226404701037,0.0438205888625874,0.040253753425459,0.0433010653276832,0.0406116094568225
-0.0130559903369971,0.0059808570995025,0.0219659932339737,0.0168203983714017,0.000782047144232859
0.0607804967384377,0.0421608541605505,0.0291366774525451,0.0165001507696662,0.0461609836138324
-0.0111948388755395,-0.0253794827695121,-0.0209681730973702,-0.016015976275466,-0.012077522808341
0.112349526061129,0.101583052677833,0.0464505620002756,0.0442769686054311,0.0691013468713824
0.0173291005942742,-0.017928289233442,-0.0215647752926479,-0.0209828814993648,-0.0117583149650034
0.0522718536693421,0.0598194715491579,0.0194712347489645,0.0196376841285702,0.0559486759219165
0.0186412470092087,-0.0201805446601496,0.0562954560016593,0.0518733303068139,-0.0174855819301291
0.0415583374591211,0.0787955210287641,0.0269763158460689,0.0295597707924542,0.0273941183332035
0.0417621617943494,0.0502873793175458,0.0238741884680808,0.0214291002642645,0.0396690394983158
0.117626897707314,0.0615696183518954,-0.021111833890901,-0.0232496946457577,0.00664027337255999
0.0592731503904248,0.061493557034556,0.0385989532473807,0.0379684629388026,0.0502307819523741
0.0294915444354922,-0.0258410986600647,0.0178319855225305,0.0189521425299765,-0.017885246088609
-0.0541659917079851,-0.0839127844245203,0.0076753477029049,0.00383817447845592,-0.0712867314370079
-0.0294011776809586,-0.0258678697979672,-0.00347929440454708,-0.0036696571770483,0.00319178233435728
0.0181618021277376,0.0945137771087203,0.0104641016134243,0.0133479797848042,0.0804884945955501
-0.0117476651751361,-0.0805135837019286,-0.0242503523001784,-0.0230480605695181,-0.0696328329579731
0.0127477598923515,0.0427799348164343,0.0346386520988508,0.0337629489898324,0.0752620762452864
-0.0314306500863966,-0.107601197069919,-0.0257944384666077,-0.0244335727598511,-0.0703289423575533
-0.0420283727960264,-0.00440842502412974,0.0329927272839449,0.0304761423161243,0.0291261741389086
-0.0118839106748307,-0.0124274132273729,0.0210555387400822,0.0210049160449755,-0.0153220418828788
-0.0447152935031928,0.019012508065116,-0.00584515194403335,-0.00702549673288017,0.01940661778568
-0.0172755094427426,-0.0262378803693388,-0.0315435372732443,-0.0313165473178725,-0.0311582527206198
0.0579594718739278,0.0728645978403671,0.0636129041377504,0.0595230932368972,0.0804174621572766
-0.0343662798124023,-0.0173747571808503,-0.021654442075882,-0.0177517779983347,0.00512210628439043
0.0488720103770884,0.00528712591193199,0.0087710165430035,0.00718206901996541,0.00129966153096787
-0.0108677770783119,0.0143096336960503,0.0267796592060592,0.0216188721745827,0.00276379994535396
-0.0404144865130441,0.00363099267618678,-0.0185801523692475,-0.0156893625494901,0.0372162127377068
-0.0882149827488829,-0.0734768107376365,0.00818009473230734,0.0097099355442517,-0.0571949887059218
-0.00715750886196924,-0.0675098874380037,-0.0648917819889278,-0.071113278299213,-0.0650420369609201
-0.066049367981293,-0.131212740087018,-0.0317389360088043,-0.028517759670866,-0.106502375559525
0.0340710775678802,0.0720290986973077,0.0724304597843335,0.0781322740472162,0.0687994057903119
0.0240800171242498,0.0483352561325174,-0.000502217122356271,-0.00222069658496534,0.0398328631120901
-0.073299127318316,-0.0778822210914973,-0.0150330115938347,-0.0145078749286057,-0.0763586809412213
